ENDEREÇO;CONJUNTO;QUADRA;LOTE;AREA_M2;PISCINA_ST;TERRENO_ST;AGENTE;type;age
CZ14;C;Z;14;1248.62;NÃO;NÃO;TATI;house;60
CZ13;C;Z;13;608.96;NÃO;NÃO;TATI;house;60
CZ12;C;Z;12;750.15;NÃO;NÃO;TATI;house;60
CZ11;C;Z;11;849.85;NÃO;NÃO;TATI;house;60
CZ10;C;Z;10;1644.71;SIM;NÃO;TATI;house;60
CZ09;C;Z;9;1409.8;NÃO;NÃO;TATI;house;60
CZ08;C;Z;8;581.36;NÃO;NÃO;TATI;house;60
CZ07;C;Z;7;528.43;NÃO;NÃO;TATI;house;60
CZ06;C;Z;6;568.43;NÃO;NÃO;TATI;house;60
CZ05;C;Z;5;548.22;NÃO;NÃO;TATI;house;60
CZ04;C;Z;4;554.62;NÃO;NÃO;TATI;house;60
CZ03;C;Z;3;582.05;NÃO;NÃO;TATI;house;60
CZ02;C;Z;2;582.22;NÃO;NÃO;TATI;house;60
CZ01;C;Z;1;898.23;SIM;NÃO;TATI;house;60
CY33B;C;Y;33B;247.88;NÃO;NÃO;TATI;house;60
CY33A;C;Y;33A;419.47;NÃO;NÃO;TATI;house;60
CY32;C;Y;32;531.77;NÃO;NÃO;TATI;house;60
CY31;C;Y;31;552.43;SIM;NÃO;TATI;house;60
CY30;C;Y;30;590.34;NÃO;NÃO;TATI;house;60
CY29;C;Y;29;578.16;NÃO;NÃO;TATI;house;60
CY28;C;Y;28;570.64;NÃO;SIM;TATI;house;60
CY27;C;Y;27;568.36;NÃO;NÃO;TATI;house;60
CY26;C;Y;26;563.32;NÃO;NÃO;TATI;house;60
CY25;C;Y;25;589.36;NÃO;NÃO;TATI;house;60
CY24;C;Y;24;561.31;NÃO;NÃO;TATI;house;60
CY23;C;Y;23;567.72;NÃO;NÃO;TATI;house;60
CY22;C;Y;22;588.84;NÃO;NÃO;TATI;house;60
CY21;C;Y;21;567.27;NÃO;NÃO;TATI;house;60
CY20;C;Y;20;572.31;NÃO;NÃO;TATI;house;60
CY19;C;Y;19;732.64;SIM;NÃO;TATI;house;60
CY18B;C;Y;18B;462.57;NÃO;NÃO;TATI;house;60
CY18A;C;Y;18A;917.18;NÃO;NÃO;TATI;house;60
CY17;C;Y;17;583.96;SIM;NÃO;TATI;house;60
CY16;C;Y;16;582.19;NÃO;NÃO;TATI;house;60
CY15;C;Y;15;603.19;NÃO;NÃO;TATI;house;60
CY13/14;C;Y;13/14;1147.31;NÃO;NÃO;TATI;house;60
CY12;C;Y;12;574.29;SIM;NÃO;TATI;house;60
CY11;C;Y;11;578.8;NÃO;NÃO;TATI;house;60
CY10;C;Y;10;572.85;NÃO;NÃO;TATI;house;60
CY09;C;Y;9;590.62;NÃO;NÃO;TATI;house;60
CY08;C;Y;8;552.97;SIM;NÃO;TATI;house;60
CY07;C;Y;7;598.76;SIM;NÃO;TATI;house;60
CY06;C;Y;6;557.85;NÃO;NÃO;TATI;house;60
CY05;C;Y;5;581.85;SIM;NÃO;TATI;house;60
CY04;C;Y;4;576.73;NÃO;NÃO;TATI;house;60
CY03;C;Y;3;576.66;NÃO;NÃO;TATI;house;60
CY02;C;Y;2;551.23;NÃO;NÃO;TATI;house;60
CY01;C;Y;1;655.35;NÃO;NÃO;TATI;house;60
CX53;C;X;53;1035.11;NÃO;NÃO;TATI;house;60
CX52;C;X;52;573.42;SIM;NÃO;TATI;house;60
CX51;C;X;51;559.81;NÃO;NÃO;TATI;house;60
CX50;C;X;50;597.75;NÃO;NÃO;TATI;house;60
CX49;C;X;49;556.34;NÃO;NÃO;TATI;house;60
CX48;C;X;48;578.68;SIM;NÃO;TATI;house;60
CX47;C;X;47;572.22;SIM;NÃO;TATI;house;60
CX46;C;X;46;568.67;NÃO;NÃO;TATI;house;60
CX45;C;X;45;595.41;NÃO;NÃO;TATI;house;60
CX44;C;X;44;588.69;NÃO;NÃO;TATI;house;60
CX43;C;X;43;561.19;NÃO;NÃO;TATI;house;60
CX42;C;X;42;574.02;SIM;NÃO;TATI;house;60
CX41;C;X;41;583.1;NÃO;NÃO;TATI;house;60
CX40;C;X;40;575.01;NÃO;NÃO;TATI;house;60
CX39;C;X;39;575.24;NÃO;NÃO;TATI;house;60
CX38;C;X;38;576.45;NÃO;NÃO;TATI;house;60
CX37;C;X;37;579.44;SIM;NÃO;TATI;house;60
CX36;C;X;36;578.69;NÃO;NÃO;TATI;house;60
CX35;C;X;35;551.9;SIM;NÃO;TATI;house;60
CX34;C;X;34;575.45;NÃO;NÃO;TATI;house;60
CX33;C;X;33;587.65;SIM;NÃO;TATI;house;60
CX32;C;X;32;553.05;SIM;NÃO;TATI;house;60
CX31;C;X;31;590.99;SIM;NÃO;TATI;house;60
CX30;C;X;30;579.08;SIM;NÃO;TATI;house;60
CX29;C;X;29;694.78;SIM;NÃO;TATI;house;60
CX28;C;X;28;1221.68;SIM;NÃO;TATI;house;60
CX27;C;X;27;583.85;NÃO;NÃO;TATI;house;60
CX26;C;X;26;581.54;NÃO;NÃO;TATI;house;60
CX25;C;X;25;550.58;NÃO;NÃO;TATI;house;60
CX24;C;X;24;558.72;NÃO;NÃO;TATI;house;60
CX23;C;X;23;554.8;NÃO;SIM;TATI;house;60
CX22;C;X;22;568.11;SIM;NÃO;TATI;house;60
CX21;C;X;21;549.24;NÃO;NÃO;TATI;house;60
CX20;C;X;20;567.04;NÃO;NÃO;TATI;house;60
CX19;C;X;19;552.67;NÃO;NÃO;TATI;house;60
CX18;C;X;18;563.62;SIM;NÃO;TATI;house;60
CX17;C;X;17;554.53;NÃO;NÃO;TATI;house;60
CX16;C;X;16;573.3;NÃO;NÃO;TATI;house;60
CX15;C;X;15;551.25;NÃO;NÃO;TATI;house;60
CX14;C;X;14;557.9;SIM;NÃO;TATI;house;60
CX13;C;X;13;571.04;NÃO;NÃO;TATI;house;60
CX12;C;X;12;564.01;NÃO;NÃO;TATI;house;60
CX11;C;X;11;558.41;NÃO;NÃO;TATI;house;60
CX10;C;X;10;573.68;SIM;NÃO;TATI;house;60
CX09;C;X;9;551.4;NÃO;NÃO;TATI;house;60
CX08;C;X;8;553.89;NÃO;NÃO;TATI;house;60
CX07;C;X;7;578.96;NÃO;NÃO;TATI;house;60
CX06;C;X;6;575.27;NÃO;NÃO;TATI;house;60
CX05;C;X;5;578.1;SIM;NÃO;TATI;house;60
CX04;C;X;4;574.44;NÃO;NÃO;TATI;house;60
CX03;C;X;3;581.58;NÃO;NÃO;TATI;house;60
CX02;C;X;2;561.11;NÃO;NÃO;TATI;house;60
CX01;C;X;1;614.26;NÃO;NÃO;TATI;house;60
CV25;C;V;25;959.98;NÃO;NÃO;TATI;house;60
CV24;C;V;24;568.57;NÃO;NÃO;TATI;house;60
CV23;C;V;23;587.91;SIM;NÃO;TATI;house;60
CV22;C;V;22;557.47;NÃO;NÃO;TATI;house;60
CV21;C;V;21;605.5;SIM;NÃO;TATI;house;60
CV20;C;V;20;572;NÃO;NÃO;TATI;house;60
CV19;C;V;19;578.77;SIM;NÃO;TATI;house;60
CV18;C;V;18;583.86;NÃO;NÃO;TATI;house;60
CV17;C;V;17;570.23;NÃO;NÃO;TATI;house;60
CV16;C;V;16;566.07;SIM;NÃO;TATI;house;60
CV15;C;V;15;693.85;NÃO;NÃO;TATI;house;60
CV14;C;V;14;999.89;NÃO;NÃO;TATI;house;60
CV13;C;V;13;580.38;NÃO;NÃO;TATI;house;60
CV12;C;V;12;556.64;NÃO;NÃO;TATI;house;60
CV11;C;V;11;588.93;NÃO;NÃO;TATI;house;60
CV10;C;V;10;581.18;NÃO;NÃO;TATI;house;60
CV09;C;V;9;566.21;NÃO;NÃO;TATI;house;60
CV08;C;V;8;578.72;SIM;NÃO;TATI;house;60
CV07;C;V;7;603.42;SIM;NÃO;TATI;house;60
CV06;C;V;6;575.58;NÃO;NÃO;TATI;house;60
CV05;C;V;5;584.96;SIM;NÃO;TATI;house;60
CV04;C;V;4;587.21;NÃO;NÃO;TATI;house;60
CV03;C;V;3;557.75;NÃO;NÃO;TATI;house;60
CV02;C;V;2;555.77;NÃO;NÃO;TATI;house;60
CV01B;C;V;01B;392.96;NÃO;NÃO;TATI;house;60
CV01A;C;V;01A;330.87;NÃO;NÃO;TATI;house;60
CU40;C;U;40;655.26;NÃO;NÃO;TATI;house;60
CU39;C;U;39;562.15;NÃO;NÃO;TATI;house;60
CU38;C;U;38;557.16;SIM;NÃO;TATI;house;60
CU37;C;U;37;547.44;NÃO;NÃO;TATI;house;60
CU36;C;U;36;574.18;NÃO;NÃO;TATI;house;60
CU35;C;U;35;549.13;NÃO;NÃO;TATI;house;60
CU34;C;U;34;561.39;NÃO;NÃO;TATI;house;60
CU33;C;U;33;571.22;NÃO;NÃO;TATI;house;60
CU32;C;U;32;548;NÃO;NÃO;TATI;house;60
CU31;C;U;31;569.16;NÃO;NÃO;TATI;house;60
CU30;C;U;30;575.1;SIM;NÃO;TATI;house;60
CU29;C;U;29;554.44;NÃO;NÃO;TATI;house;60
CU28;C;U;28;587.58;NÃO;NÃO;TATI;house;60
CU27;C;U;27;580.42;NÃO;NÃO;TATI;house;60
CU26;C;U;26;569.7;NÃO;NÃO;TATI;house;60
CU25;C;U;25;570.2;SIM;NÃO;TATI;house;60
CU24;C;U;24;573.3;NÃO;NÃO;TATI;house;60
CU23;C;U;23;568.62;NÃO;NÃO;TATI;house;60
CU22;C;U;22;590.35;SIM;NÃO;TATI;house;60
CU21;C;U;21;984.22;SIM;NÃO;TATI;house;60
CU20;C;U;20;661.01;NÃO;NÃO;TATI;house;60
CU19;C;U;19;588.74;SIM;NÃO;TATI;house;60
CU18;C;U;18;567.33;NÃO;NÃO;TATI;house;60
CU17;C;U;17;576.02;NÃO;NÃO;TATI;house;60
CU15/16;C;U;15/16;1139.3;SIM;NÃO;TATI;house;60
CU14;C;U;14;575.3;NÃO;NÃO;TATI;house;60
CU12/13;C;U;dez/13;1121.51;NÃO;NÃO;TATI;house;60
CU11;C;U;11;582.48;SIM;NÃO;TATI;house;60
CU10;C;U;10;552.63;SIM;NÃO;TATI;house;60
CU09;C;U;9;558.8;SIM;NÃO;TATI;house;60
CU08;C;U;8;550.48;SIM;NÃO;TATI;house;60
CU07;C;U;7;560.14;NÃO;NÃO;TATI;house;60
CU06;C;U;6;555.91;NÃO;NÃO;TATI;house;60
CU05;C;U;5;555.98;NÃO;NÃO;TATI;house;60
CU04;C;U;4;567.17;NÃO;NÃO;TATI;house;60
CU03;C;U;3;555.74;SIM;NÃO;TATI;house;60
CU02;C;U;2;565.09;NÃO;NÃO;TATI;house;60
CU01;C;U;1;871.14;SIM;NÃO;TATI;house;60
CT34D;C;T;34D;151.64;NÃO;NÃO;TATI;house;60
CT34C;C;T;34C;161.94;NÃO;NÃO;TATI;house;60
CT34B;C;T;34B;234.77;NÃO;NÃO;TATI;house;60
CT34A;C;T;34A;290.02;NÃO;NÃO;TATI;house;60
CT33;C;T;33;553.74;NÃO;NÃO;TATI;house;60
CT32;C;T;32;583.15;NÃO;NÃO;TATI;house;60
CT31;C;T;31;564.95;NÃO;NÃO;TATI;house;60
CT30;C;T;30;562.6;NÃO;NÃO;TATI;house;60
CT29;C;T;29;588.55;NÃO;NÃO;TATI;house;60
CT28;C;T;28;588.67;NÃO;NÃO;TATI;house;60
CT27;C;T;27;598.55;NÃO;NÃO;TATI;house;60
CT26;C;T;26;588.07;NÃO;NÃO;TATI;house;60
CT25;C;T;25;592.44;NÃO;NÃO;TATI;house;60
CT24;C;T;24;585.58;SIM;NÃO;TATI;house;60
CT23;C;T;23;600.79;NÃO;NÃO;TATI;house;60
CT22;C;T;22;577.4;NÃO;NÃO;TATI;house;60
CT21B;C;T;21B;282.58;NÃO;NÃO;TATI;house;60
CT21A;C;T;21A;280.27;NÃO;NÃO;TATI;house;60
CT20;C;T;20;606.92;NÃO;NÃO;TATI;house;60
CT19;C;T;19;753.2;SIM;NÃO;TATI;house;60
CT18;C;T;18;1313.52;SIM;NÃO;TATI;house;60
CT17;C;T;17;569.87;NÃO;NÃO;TATI;house;60
CT16;C;T;16;553.62;NÃO;NÃO;TATI;house;60
CT15;C;T;15;567.83;NÃO;NÃO;TATI;house;60
CT14;C;T;14;573.53;SIM;NÃO;TATI;house;60
CT13;C;T;13;586.92;SIM;NÃO;TATI;house;60
CT12;C;T;12;571.59;NÃO;NÃO;TATI;house;60
CT11;C;T;11;586.84;NÃO;NÃO;TATI;house;60
CT09/10;C;T;09/out;1139.04;SIM;NÃO;TATI;house;60
CT08;C;T;8;574;NÃO;NÃO;TATI;house;60
CT07;C;T;7;554.8;NÃO;NÃO;TATI;house;60
CT06;C;T;6;585.21;SIM;NÃO;TATI;house;60
CT05;C;T;5;574.28;SIM;NÃO;TATI;house;60
CT04;C;T;4;574.23;NÃO;NÃO;TATI;house;60
CT03;C;T;3;563.69;NÃO;NÃO;TATI;house;60
CT02B;C;T;02B;290.44;NÃO;NÃO;TATI;house;60
CT02;C;T;2;274.45;NÃO;NÃO;TATI;house;60
CT01;C;T;1;686.34;SIM;NÃO;TATI;house;60
CS44;C;S;44;686.6;NÃO;NÃO;TATI;house;60
CS43;C;S;43;572.92;NÃO;NÃO;TATI;house;60
CS42;C;S;42;557.97;NÃO;NÃO;TATI;house;60
CS41;C;S;41;591.61;SIM;NÃO;TATI;house;60
CS40;C;S;40;553.19;NÃO;NÃO;TATI;house;60
CS39;C;S;39;574.63;NÃO;NÃO;TATI;house;60
CS38;C;S;38;563.24;SIM;NÃO;TATI;house;60
CS37;C;S;37;578.13;NÃO;NÃO;TATI;house;60
CS36;C;S;36;558.31;NÃO;NÃO;TATI;house;60
CS35;C;S;35;576.92;SIM;NÃO;TATI;house;60
CS34;C;S;34;572.45;NÃO;NÃO;TATI;house;60
CS33;C;S;33;582.44;NÃO;NÃO;TATI;house;60
CS32;C;S;32;581.14;NÃO;NÃO;TATI;house;60
CS31;C;S;31;563.16;NÃO;NÃO;TATI;house;60
CS30;C;S;30;566.42;NÃO;NÃO;TATI;house;60
CS29;C;S;29;586.6;NÃO;NÃO;TATI;house;60
CS28;C;S;28;567.69;NÃO;NÃO;TATI;house;60
CS27;C;S;27;572.24;NÃO;NÃO;TATI;house;60
CS26;C;S;26;565.5;SIM;NÃO;TATI;house;60
CS25;C;S;25;535.68;NÃO;NÃO;TATI;house;60
CS24;C;S;24;597.55;NÃO;NÃO;TATI;house;60
CS23;C;S;23;744.85;NÃO;NÃO;TATI;house;60
CS22;C;S;22;687.65;SIM;NÃO;TATI;house;60
CS21;C;S;21;581.43;NÃO;NÃO;TATI;house;60
CS20;C;S;20;566.57;NÃO;NÃO;TATI;house;60
CS19;C;S;19;593.67;NÃO;NÃO;TATI;house;60
CS18;C;S;18;569.55;NÃO;NÃO;TATI;house;60
CS17;C;S;17;571.93;NÃO;NÃO;TATI;house;60
CS16;C;S;16;578.36;NÃO;NÃO;TATI;house;60
CS15;C;S;15;597.08;SIM;NÃO;TATI;house;60
CS14;C;S;14;558.77;NÃO;NÃO;TATI;house;60
CS13;C;S;13;582.67;SIM;NÃO;TATI;house;60
CS10/11/12;C;S;10/11/2012;1705.71;SIM;NÃO;TATI;house;60
CS09;C;S;9;572.8;NÃO;NÃO;TATI;house;60
CS08;C;S;8;591.64;NÃO;NÃO;TATI;house;60
CS07;C;S;7;584.54;NÃO;NÃO;TATI;house;60
CS06;C;S;6;571.11;NÃO;NÃO;TATI;house;60
CS05;C;S;5;593.09;SIM;NÃO;TATI;house;60
CS04;C;S;4;574.51;NÃO;NÃO;TATI;house;60
CS03;C;S;3;570.51;SIM;NÃO;TATI;house;60
CS02;C;S;2;588.74;NÃO;NÃO;TATI;house;60
CS01;C;S;1;643.67;NÃO;SIM;TATI;house;60
CR43;C;R;43;1042.87;NÃO;NÃO;TATI;house;60
CR42;C;R;42;565;NÃO;NÃO;TATI;house;60
CR41;C;R;41;583.17;NÃO;NÃO;TATI;house;60
CR39/40;C;R;39/40;1135.97;SIM;NÃO;TATI;house;60
CR38B;C;R;38B;294.77;SIM;NÃO;TATI;house;60
CR38A;C;R;38A;272.73;NÃO;NÃO;TATI;house;60
CR37;C;R;37;550;NÃO;NÃO;TATI;house;60
CR36;C;R;36;565.3;SIM;NÃO;TATI;house;60
CR35;C;R;35;564.48;NÃO;NÃO;TATI;house;60
CR34;C;R;34;558.64;NÃO;NÃO;TATI;house;60
CR33;C;R;33;561.85;NÃO;NÃO;TATI;house;60
CR32B;C;R;32B;283.55;NÃO;NÃO;TATI;house;60
CR32A;C;R;32A;268.31;NÃO;NÃO;TATI;house;60
CR31;C;R;31;569.52;SIM;NÃO;TATI;house;60
CR30;C;R;30;556.73;NÃO;NÃO;TATI;house;60
CR29;C;R;29;577.09;NÃO;NÃO;TATI;house;60
CR28;C;R;28;572.74;NÃO;NÃO;TATI;house;60
CR27B;C;R;27B;300.19;NÃO;NÃO;TATI;house;60
CR27A;C;R;27A;286.34;NÃO;NÃO;TATI;house;60
CR26;C;R;26;546.71;NÃO;NÃO;TATI;house;60
CR25;C;R;25;585.86;NÃO;NÃO;TATI;house;60
CR24;C;R;24;753.28;NÃO;NÃO;TATI;house;60
CR23;C;R;23;947.25;NÃO;NÃO;TATI;house;60
CR22;C;R;22;582.78;NÃO;NÃO;TATI;house;60
CR21;C;R;21;575.32;SIM;NÃO;TATI;house;60
CR20;C;R;20;587.02;NÃO;NÃO;TATI;house;60
CR19;C;R;19;560.2;NÃO;NÃO;TATI;house;60
CR18;C;R;18;594.49;NÃO;NÃO;TATI;house;60
CR17;C;R;17;602.81;NÃO;NÃO;TATI;house;60
CR16;C;R;16;549.45;NÃO;NÃO;TATI;house;60
CR15;C;R;15;591.38;NÃO;NÃO;TATI;house;60
CR14;C;R;14;567.97;SIM;NÃO;TATI;house;60
CR12/13;C;R;dez/13;1168.09;NÃO;NÃO;TATI;house;60
CR11;C;R;11;571.41;SIM;NÃO;TATI;house;60
CR10;C;R;10;566.38;NÃO;NÃO;TATI;house;60
CR09;C;R;9;598.67;NÃO;NÃO;TATI;house;60
CR08;C;R;8;578.19;SIM;NÃO;TATI;house;60
CR07;C;R;7;590.5;SIM;NÃO;TATI;house;60
CR06;C;R;6;586.04;NÃO;NÃO;TATI;house;60
CR05;C;R;5;579.01;SIM;NÃO;TATI;house;60
CR04;C;R;4;592.39;NÃO;NÃO;TATI;house;60
CR03;C;R;3;577.75;NÃO;NÃO;TATI;house;60
CR02;C;R;2;593.13;NÃO;NÃO;TATI;house;60
CR01;C;R;1;728.1;NÃO;NÃO;TATI;house;60
CQ46;C;Q;46;647.13;NÃO;NÃO;TATI;house;60
CQ45;C;Q;45;579.77;NÃO;NÃO;TATI;house;60
CQ43/44;C;Q;43/44;1134.67;NÃO;NÃO;TATI;house;60
CQ42;C;Q;42;583.95;NÃO;NÃO;TATI;house;60
CQ41;C;Q;41;564.15;NÃO;SIM;TATI;house;60
CQ39/40;C;Q;39/40;1141.97;SIM;NÃO;TATI;house;60
CQ38;C;Q;38;582.38;NÃO;NÃO;TATI;house;60
CQ37;C;Q;37;574.87;SIM;NÃO;TATI;house;60
CQ36;C;Q;36;570.68;NÃO;NÃO;TATI;house;60
CQ35;C;Q;35;576.05;NÃO;NÃO;TATI;house;60
CQ34;C;Q;34;568.1;NÃO;NÃO;TATI;house;60
CQ33;C;Q;33;541.21;NÃO;NÃO;TATI;house;60
CQ32;C;Q;32;579.6;NÃO;NÃO;TATI;house;60
CQ31;C;Q;31;584.28;SIM;NÃO;TATI;house;60
CQ30;C;Q;30;581.64;NÃO;NÃO;TATI;house;60
CQ29;C;Q;29;575.79;NÃO;NÃO;TATI;house;60
CQ28;C;Q;28;579.06;SIM;NÃO;TATI;house;60
CQ27B;C;Q;27B;293.85;NÃO;NÃO;TATI;house;60
CQ27A;C;Q;27A;278.23;NÃO;NÃO;TATI;house;60
CQ26;C;Q;26;561.47;NÃO;NÃO;TATI;house;60
CQ25;C;Q;25;590.59;NÃO;NÃO;TATI;house;60
CQ24;C;Q;24;1039.3;NÃO;NÃO;TATI;house;60
CQ23;C;Q;23;655.07;NÃO;NÃO;TATI;house;60
CQ22;C;Q;22;568.1;NÃO;NÃO;TATI;house;60
CQ21;C;Q;21;585.22;NÃO;NÃO;TATI;house;60
CQ20;C;Q;20;565.91;NÃO;NÃO;TATI;house;60
CQ19;C;Q;19;579.95;SIM;NÃO;TATI;house;60
CQ18;C;Q;18;560.3;NÃO;NÃO;TATI;house;60
CQ17;C;Q;17;602.58;NÃO;NÃO;TATI;house;60
CQ16;C;Q;16;559.38;SIM;NÃO;TATI;house;60
CQ15;C;Q;15;591.92;NÃO;NÃO;TATI;house;60
CQ14;C;Q;14;574.04;NÃO;NÃO;TATI;house;60
CQ13;C;Q;13;563.83;SIM;NÃO;TATI;house;60
CQ12;C;Q;12;593.5;NÃO;NÃO;TATI;house;60
CQ11;C;Q;11;569.22;NÃO;NÃO;TATI;house;60
CQ10;C;Q;10;574.83;NÃO;NÃO;TATI;house;60
CQ09;C;Q;9;566.32;NÃO;NÃO;TATI;house;60
CQ08;C;Q;8;570.88;SIM;NÃO;TATI;house;60
CQ07;C;Q;7;570.36;NÃO;NÃO;TATI;house;60
CQ06;C;Q;6;566.36;NÃO;NÃO;TATI;house;60
CQ05;C;Q;5;583.87;NÃO;NÃO;TATI;house;60
CQ04;C;Q;4;569.26;NÃO;NÃO;TATI;house;60
CQ03;C;Q;3;583.29;NÃO;NÃO;TATI;house;60
CQ02;C;Q;2;562.4;NÃO;NÃO;TATI;house;60
CQ01;C;Q;1;899.79;SIM;NÃO;TATI;house;60
CP51B;C;P;51B;279.41;NÃO;NÃO;TATI;house;60
CP51A;C;P;51A;249.22;NÃO;NÃO;TATI;house;60
CP50;C;P;50;596.63;NÃO;NÃO;TATI;house;60
CP49;C;P;49;582.39;NÃO;NÃO;TATI;house;60
CP48;C;P;48;576.11;NÃO;NÃO;TATI;house;60
CP47;C;P;47;577.8;NÃO;NÃO;TATI;house;60
CP46;C;P;46;576.58;SIM;NÃO;TATI;house;60
CP45;C;P;45;594.67;NÃO;NÃO;TATI;house;60
CP44;C;P;44;559.44;NÃO;NÃO;TATI;house;60
CP43;C;P;43;566.6;NÃO;NÃO;TATI;house;60
CP42;C;P;42;582.64;NÃO;NÃO;TATI;house;60
CP41;C;P;41;560.05;NÃO;NÃO;TATI;house;60
CP40;C;P;40;603.75;NÃO;NÃO;TATI;house;60
CP39;C;P;39;558.75;NÃO;NÃO;TATI;house;60
CP38;C;P;38;591.73;SIM;NÃO;TATI;house;60
CP37;C;P;37;601.2;NÃO;NÃO;TATI;house;60
CP36;C;P;36;589.23;NÃO;NÃO;TATI;house;60
CP35;C;P;35;575.06;NÃO;NÃO;TATI;house;60
CP34;C;P;34;572.34;SIM;NÃO;TATI;house;60
CP33;C;;33;578.36;SIM;NÃO;TATI;house;60
CP32;C;P;32;583.31;NÃO;NÃO;TATI;house;60
CP31;C;P;31;580.05;NÃO;NÃO;TATI;house;60
CP30;C;P;30;578.85;SIM;NÃO;TATI;house;60
CP29;C;P;29;564.06;NÃO;NÃO;TATI;house;60
CP28;C;P;28;684.05;NÃO;NÃO;TATI;house;60
CP27;C;P;27;1136.8;NÃO;NÃO;TATI;house;60
CP26;C;P;26;791.21;SIM;NÃO;TATI;house;60
CP25;C;P;25;718.01;NÃO;NÃO;TATI;house;60
CP24;C;P;24;548.9;NÃO;NÃO;TATI;house;60
CP23;C;P;23;584.16;NÃO;NÃO;TATI;house;60
CP22;C;P;22;587.26;NÃO;NÃO;TATI;house;60
CP21;C;P;21;579.52;NÃO;NÃO;TATI;house;60
CP20;C;P;20;574.07;SIM;NÃO;TATI;house;60
CP19;C;P;19;578.06;NÃO;NÃO;TATI;house;60
CP18;C;P;18;594.34;NÃO;NÃO;TATI;house;60
CP17;C;P;17;557.5;NÃO;NÃO;TATI;house;60
CP16;C;P;16;567.96;NÃO;NÃO;TATI;house;60
CP15;C;P;15;584.76;SIM;NÃO;TATI;house;60
CP14;C;P;14;526.6;NÃO;NÃO;TATI;house;60
CP13;C;P;13;615.9;NÃO;NÃO;TATI;house;60
CP12;C;P;12;565.35;NÃO;NÃO;TATI;house;60
CP11;C;P;11;579.43;NÃO;NÃO;TATI;house;60
CP10;C;P;10;567.76;NÃO;NÃO;TATI;house;60
CP09;C;P;9;583.58;NÃO;NÃO;TATI;house;60
CP08;C;P;8;569.12;SIM;NÃO;TATI;house;60
CP07;C;P;7;577.79;NÃO;NÃO;TATI;house;60
CP06;C;P;6;576.98;NÃO;NÃO;TATI;house;60
CP05;C;P;5;564.97;NÃO;NÃO;TATI;house;60
CP04;C;P;4;595.37;NÃO;NÃO;TATI;house;60
CP03;C;P;3;583.46;NÃO;NÃO;TATI;house;60
CP02;C;P;2;571.8;SIM;NÃO;TATI;house;60
CP01;C;P;1;670.73;NÃO;NÃO;TATI;house;60
CO50;C;O;50;650.5;NÃO;NÃO;TATI;house;60
CO49;C;O;49;573.07;NÃO;NÃO;TATI;house;60
CO48;C;O;48;592.25;NÃO;NÃO;TATI;house;60
CO47;C;O;47;587.74;NÃO;NÃO;TATI;house;60
CO46;C;O;46;590.69;SIM;NÃO;TATI;house;60
CO45;C;O;45;585.13;NÃO;NÃO;TATI;house;60
CO44;C;O;44;553.08;NÃO;NÃO;TATI;house;60
CO43;C;O;43;589.79;SIM;NÃO;TATI;house;60
CO42;C;O;42;587.91;NÃO;NÃO;TATI;house;60
CO41;C;O;41;590.45;NÃO;NÃO;TATI;house;60
CO40;C;O;40;562.01;NÃO;NÃO;TATI;house;60
CO39;C;O;39;577.55;NÃO;NÃO;TATI;house;60
CO38;C;O;38;573.28;NÃO;NÃO;TATI;house;60
CO37;C;O;37;595.54;NÃO;NÃO;TATI;house;60
CO36;C;O;36;565.66;SIM;NÃO;TATI;house;60
CO35;C;O;35;591.94;NÃO;NÃO;TATI;house;60
CO34;C;O;34;560.31;NÃO;NÃO;TATI;house;60
CO33;C;O;33;595.97;NÃO;NÃO;TATI;house;60
CO32;C;O;32;553.55;SIM;NÃO;TATI;house;60
CO31;C;O;31;587.74;NÃO;NÃO;TATI;house;60
CO30;C;O;30;572.95;NÃO;NÃO;TATI;house;60
CO29;C;O;29;575.41;SIM;NÃO;TATI;house;60
CO28;C;O;28;596.55;NÃO;NÃO;TATI;house;60
CO27;C;O;27;595.75;NÃO;NÃO;TATI;house;60
CO26;C;O;26;749.48;NÃO;NÃO;TATI;house;60
CO25;C;O;25;661.55;NÃO;NÃO;TATI;house;60
CO24;C;O;24;569.13;NÃO;NÃO;TATI;house;60
CO23;C;O;23;601.72;SIM;NÃO;TATI;house;60
CO22;C;O;22;584.12;SIM;NÃO;TATI;house;60
CO21;C;O;21;585.87;SIM;NÃO;TATI;house;60
CO20;C;O;20;573.3;NÃO;NÃO;TATI;house;60
CO19;C;O;19;564.21;NÃO;NÃO;TATI;house;60
CO17/18;C;O;17/18;1162.09;NÃO;NÃO;TATI;house;60
CO16;C;O;16;593.03;NÃO;NÃO;TATI;house;60
CO15;C;O;15;573.83;SIM;NÃO;TATI;house;60
CO14;C;O;14;585.67;NÃO;NÃO;TATI;house;60
CO13;C;O;13;584.63;SIM;NÃO;TATI;house;60
CO12;C;O;12;582.31;SIM;NÃO;TATI;house;60
CO11;C;O;11;577.97;NÃO;NÃO;TATI;house;60
CO10;C;O;10;580.84;NÃO;NÃO;TATI;house;60
CO09;C;O;9;565.15;NÃO;NÃO;TATI;house;60
CO08;C;O;8;596.69;NÃO;NÃO;TATI;house;60
CO07;C;O;7;567.8;NÃO;NÃO;TATI;house;60
CO06;C;O;6;582.11;SIM;NÃO;TATI;house;60
CO05;C;O;5;578.56;NÃO;NÃO;TATI;house;60
CO03/04;C;O;03/abr;577.75;NÃO;NÃO;TATI;house;60
CO01/02;C;O;01/fev;1214.67;SIM;NÃO;TATI;house;60
CN58;C;N;58;673.31;NÃO;NÃO;TATI;house;60
CN57;C;N;57;601.73;NÃO;NÃO;TATI;house;60
CN56;C;N;56;543.37;SIM;NÃO;TATI;house;60
CN55;C;;55;619.73;SIM;NÃO;TATI;house;60
CN54;C;N;54;559.3;SIM;NÃO;TATI;house;60
CN53;C;N;53;581.53;NÃO;NÃO;TATI;house;60
CN52;C;N;52;573.23;NÃO;NÃO;TATI;house;60
CN51;C;N;51;557.15;SIM;NÃO;TATI;house;60
CN50;C;N;50;545.58;NÃO;NÃO;TATI;house;60
CN49;C;N;49;605.06;NÃO;NÃO;TATI;house;60
CN48;C;N;48;579.31;SIM;NÃO;TATI;house;60
CN47;C;N;47;561.45;NÃO;NÃO;TATI;house;60
CN46;C;N;46;604.39;NÃO;NÃO;TATI;house;60
CN45;C;N;45;566.76;NÃO;NÃO;TATI;house;60
CN44;C;N;44;554.42;NÃO;NÃO;TATI;house;60
CN43;C;N;43;583.68;NÃO;NÃO;TATI;house;60
CN42;C;N;42;596.87;SIM;NÃO;TATI;house;60
CN41;C;N;41;550.84;NÃO;NÃO;TATI;house;60
CN39/40;C;N;39;1190.31;NÃO;NÃO;TATI;house;60
CN38;C;N;38;561.74;SIM;NÃO;TATI;house;60
CN37B;C;N;37B;299.43;NÃO;NÃO;TATI;house;60
CN37A;C;N;37A;269.46;NÃO;NÃO;TATI;house;60
CN36;C;N;36;554.92;NÃO;NÃO;TATI;house;60
CN35;C;N;35;581.58;NÃO;NÃO;TATI;house;60
CN34;C;N;34;614.36;NÃO;NÃO;TATI;house;60
CN33;C;N;33;537.31;NÃO;NÃO;TATI;house;60
CN32;C;N;32;598;SIM;NÃO;TATI;house;60
CN31;C;N;31;667.08;NÃO;NÃO;TATI;house;60
CN30;C;N;30;898.7;NÃO;NÃO;TATI;house;60
CN29;C;N;29;593.95;SIM;NÃO;TATI;house;60
CN28;C;N;28;568.37;SIM;NÃO;TATI;house;60
CN27;C;N;27;600.46;SIM;NÃO;TATI;house;60
CN26;C;N;26;569.38;NÃO;NÃO;TATI;house;60
CN25;C;N;25;579.2;NÃO;NÃO;TATI;house;60
CN24;C;N;24;545.64;SIM;NÃO;TATI;house;60
CN23;C;N;23;589.13;NÃO;SIM;TATI;house;60
CN22;C;N;22;578.9;NÃO;NÃO;TATI;house;60
CN21;C;N;21;563.76;SIM;NÃO;TATI;house;60
CN20;C;N;20;559.16;SIM;NÃO;TATI;house;60
CN19;C;N;19;601.27;NÃO;NÃO;TATI;house;60
CN18;C;N;18;570.04;SIM;NÃO;TATI;house;60
CN17;C;N;17;571.47;NÃO;NÃO;TATI;house;60
CN16;C;N;16;575.27;NÃO;NÃO;TATI;house;60
CN15;C;N;15;560.42;NÃO;NÃO;TATI;house;60
CN14;C;N;14;573.39;NÃO;NÃO;TATI;house;60
CN13;C;N;13;572.9;NÃO;NÃO;TATI;house;60
CN12;C;N;12;598.49;SIM;NÃO;TATI;house;60
CN11;C;N;11;556.42;NÃO;SIM;TATI;house;60
CN10;C;N;10;582.26;NÃO;NÃO;TATI;house;60
CN09;C;N;9;571.22;NÃO;NÃO;TATI;house;60
CN08;C;N;8;575.35;SIM;NÃO;TATI;house;60
CN07;C;N;7;569.59;NÃO;NÃO;TATI;house;60
CN06;C;N;6;566.76;NÃO;NÃO;TATI;house;60
CN05;C;N;5;566.25;SIM;NÃO;TATI;house;60
CN04;C;N;4;617.87;SIM;NÃO;TATI;house;60
CN03;C;N;3;563.52;NÃO;NÃO;TATI;house;60
CN02;C;N;2;572.42;NÃO;NÃO;TATI;house;60
CN01;C;N;1;670.8;NÃO;NÃO;TATI;house;60
CM51;C;M;51;693.47;SIM;NÃO;TATI;house;60
CM50;C;M;50;584.52;SIM;NÃO;TATI;house;60
CM49;C;M;49;558.05;SIM;NÃO;TATI;house;60
CM48;C;M;48;596.57;NÃO;NÃO;TATI;house;60
CM47;C;M;47;551.53;NÃO;NÃO;TATI;house;60
CM46;C;M;46;562.39;NÃO;NÃO;TATI;house;60
CM45B;C;M;45B;287.28;NÃO;NÃO;TATI;house;60
CM45A;C;M;45A;275.14;NÃO;NÃO;TATI;house;60
CM43;C;M;43;581.68;NÃO;NÃO;TATI;house;60
CM42;C;M;42;573.15;NÃO;NÃO;TATI;house;60
CM41;C;M;41;566.42;SIM;NÃO;TATI;house;60
CM40;C;M;40;582.27;NÃO;NÃO;TATI;house;60
CM39;C;M;39;575.66;NÃO;NÃO;TATI;house;60
CM38;C;M;38;563.1;NÃO;NÃO;TATI;house;60
CM37;C;M;37;594.15;NÃO;NÃO;TATI;house;60
CM36;C;M;36;578.71;NÃO;SIM;TATI;house;60
CM35;C;M;35;587.9;SIM;NÃO;TATI;house;60
CM34;C;M;34;553.74;NÃO;NÃO;TATI;house;60
CM33;C;M;33;584.06;SIM;NÃO;TATI;house;60
CM32;C;M;32;569.66;NÃO;NÃO;TATI;house;60
CM31;C;M;31;571.45;SIM;NÃO;TATI;house;60
CM30;C;M;30;579.49;NÃO;NÃO;TATI;house;60
CM29;C;M;29;579.68;NÃO;NÃO;TATI;house;60
CM28;C;M;28;573.32;NÃO;NÃO;TATI;house;60
CM27;C;M;27;571.38;NÃO;NÃO;TATI;house;60
CM26;C;M;26;1054.2;NÃO;NÃO;TATI;house;60
CM25;C;M;25;643.54;NÃO;SIM;TATI;house;60
CM24;C;M;24;589.74;SIM;NÃO;TATI;house;60
CM23;C;M;23;572.98;NÃO;NÃO;TATI;house;60
CM22;C;M;22;598.48;NÃO;NÃO;TATI;house;60
CM21;C;M;21;571.95;NÃO;NÃO;TATI;house;60
CM20;C;M;20;574.77;SIM;NÃO;TATI;house;60
CM19;C;M;19;581.34;NÃO;NÃO;TATI;house;60
CM18/44;C;M;18/44;1155.68;NÃO;NÃO;TATI;house;60
CM17;C;M;17;586.83;SIM;NÃO;TATI;house;60
CM16;C;M;16;574.78;NÃO;NÃO;TATI;house;60
CM15;C;M;15;554.27;NÃO;NÃO;TATI;house;60
CM14;C;M;14;571.65;NÃO;NÃO;TATI;house;60
CM13;C;M;13;562.47;NÃO;NÃO;TATI;house;60
CM12;C;M;12;545.78;SIM;NÃO;TATI;house;60
CM11;C;M;11;572.95;NÃO;NÃO;TATI;house;60
CM10;C;M;10;572.15;NÃO;NÃO;TATI;house;60
CM09;C;M;9;558.98;SIM;NÃO;TATI;house;60
CM08;C;M;8;546.12;NÃO;NÃO;TATI;house;60
CM07;C;M;7;575.97;NÃO;NÃO;TATI;house;60
CM06;C;M;6;584.97;NÃO;NÃO;TATI;house;60
CM05;C;M;5;552.43;NÃO;NÃO;TATI;house;60
CM04;C;M;4;577.59;NÃO;NÃO;TATI;house;60
CM03;C;M;3;558.11;SIM;NÃO;TATI;house;60
CM02;C;M;2;569.16;NÃO;NÃO;TATI;house;60
CM01;C;M;1;1194.6;NÃO;NÃO;TATI;house;60
CL63;C;L;63;510.46;NÃO;NÃO;ISLA;house;60
CL62;C;L;62;609.83;NÃO;NÃO;ISLA;house;60
CL61;C;L;61;550.71;NÃO;NÃO;ISLA;house;60
CL60;C;L;60;585.73;NÃO;NÃO;ISLA;house;60
CL59;C;L;59;575.03;NÃO;NÃO;ISLA;house;60
CL58;C;L;58;570.87;NÃO;NÃO;ISLA;house;60
CL57;C;L;57;573.44;NÃO;NÃO;ISLA;house;60
CL56;C;L;56;589.52;NÃO;NÃO;ISLA;house;60
CL55;C;L;55;563.35;NÃO;NÃO;ISLA;house;60
CL54;C;L;54;557.51;NÃO;NÃO;ISLA;house;60
CL53;C;L;53;564.31;SIM;NÃO;ISLA;house;60
CL52;C;L;52;604.09;NÃO;NÃO;ISLA;house;60
CL51;C;L;51;553.71;NÃO;NÃO;ISLA;house;60
CL50;C;L;50;592.42;NÃO;NÃO;ISLA;house;60
CL49;C;L;49;560.55;SIM;NÃO;ISLA;house;60
CL48;C;L;48;589.18;NÃO;NÃO;ISLA;house;60
CL47;C;L;47;537.13;SIM;NÃO;ISLA;house;60
CL46;C;L;46;612.5;NÃO;NÃO;ISLA;house;60
CL45;C;L;45;566.21;NÃO;NÃO;ISLA;house;60
CL44;C;L;44;543.23;SIM;NÃO;ISLA;house;60
CL43;C;L;43;588.14;SIM;NÃO;ISLA;house;60
CL42;C;L;42;557.81;SIM;NÃO;ISLA;house;60
CL40/41;C;L;40/41;1179.19;NÃO;NÃO;ISLA;house;60
CL39;C;L;39;562.31;NÃO;NÃO;ISLA;house;60
CL38;C;L;38;563.98;SIM;NÃO;ISLA;house;60
CL37;C;L;37;578.46;NÃO;NÃO;ISLA;house;60
CL36;C;L;36;603.53;NÃO;NÃO;ISLA;house;60
CL35;C;L;35;555.62;NÃO;NÃO;ISLA;house;60
CL34;C;L;34;581.08;NÃO;NÃO;ISLA;house;60
CL33;C;L;33;632.97;NÃO;NÃO;ISLA;house;60
CL32;C;L;32;809.43;SIM;NÃO;ISLA;house;60
CL31;C;L;31;557.76;NÃO;NÃO;ISLA;house;60
CL30;C;L;30;611.81;NÃO;NÃO;ISLA;house;60
CL29;C;L;29;544.92;NÃO;NÃO;ISLA;house;60
CL28;C;L;28;570.06;NÃO;NÃO;ISLA;house;60
CL27;C;L;27;603.15;SIM;NÃO;ISLA;house;60
CL26;C;L;26;574.19;SIM;NÃO;ISLA;house;60
CL25;C;L;25;570.72;NÃO;NÃO;ISLA;house;60
CL24;C;L;24;593.02;NÃO;NÃO;ISLA;house;60
CL23;C;L;23;575.26;NÃO;NÃO;ISLA;house;60
CL22;C;L;22;578.28;NÃO;NÃO;ISLA;house;60
CL21;C;L;21;562.33;NÃO;NÃO;ISLA;house;60
CL20;C;L;20;597.67;NÃO;NÃO;ISLA;house;60
CL19;C;L;19;569.91;NÃO;SIM;ISLA;house;60
CL18;C;L;18;564.68;NÃO;NÃO;ISLA;house;60
CL17;C;L;17;583.77;NÃO;NÃO;ISLA;house;60
CL16;C;L;16;576.92;SIM;NÃO;ISLA;house;60
CL15;C;L;15;559.44;NÃO;NÃO;ISLA;house;60
CL14;C;L;14;591.94;SIM;NÃO;ISLA;house;60
CL13;C;L;13;557.6;NÃO;NÃO;ISLA;house;60
CL12;C;L;12;589.87;SIM;NÃO;ISLA;house;60
CL11;C;L;11;564.94;NÃO;NÃO;ISLA;house;60
CL10;C;L;10;581.81;SIM;NÃO;ISLA;house;60
CL09;C;L;9;593.53;NÃO;NÃO;ISLA;house;60
CL08;C;L;8;587.15;NÃO;NÃO;ISLA;house;60
CL07;C;L;7;583.13;SIM;NÃO;ISLA;house;60
CL06;C;L;6;578.28;NÃO;NÃO;ISLA;house;60
CL05;C;L;5;585.06;SIM;NÃO;ISLA;house;60
CL04;C;L;4;572.99;NÃO;NÃO;ISLA;house;60
CL03;C;L;3;580.72;NÃO;NÃO;ISLA;house;60
CL02;C;L;2;571.59;SIM;NÃO;ISLA;house;60
CL01;C;L;1;619.21;SIM;NÃO;ISLA;house;60
CK51;C;K;51;621.48;NÃO;NÃO;ISLA;house;60
CK50;C;K;50;590.71;NÃO;NÃO;ISLA;house;60
CK49;C;K;49;560.97;SIM;NÃO;ISLA;house;60
CK48;C;K;48;585.35;NÃO;NÃO;ISLA;house;60
CK47;C;K;47;569.7;NÃO;NÃO;ISLA;house;60
CK46;C;K;46;580.65;NÃO;NÃO;ISLA;house;60
CK45;C;K;45;570.34;NÃO;NÃO;ISLA;house;60
CK44;C;K;44;584.84;NÃO;NÃO;ISLA;house;60
CK43;C;K;43;579.31;NÃO;SIM;ISLA;house;60
CK42;C;K;42;582.92;NÃO;NÃO;ISLA;house;60
CK41;C;K;41;563.7;NÃO;NÃO;ISLA;house;60
CK40;C;K;40;584.48;NÃO;NÃO;ISLA;house;60
CK39;C;K;39;561.32;NÃO;NÃO;ISLA;house;60
CK38;C;K;38;597.34;SIM;NÃO;ISLA;house;60
CK37;C;K;37;588.93;NÃO;NÃO;ISLA;house;60
CK36;C;K;36;595.17;SIM;NÃO;ISLA;house;60
CK35;C;K;35;592.31;NÃO;NÃO;ISLA;house;60
CK34;C;K;34;582.51;NÃO;NÃO;ISLA;house;60
CK33;C;K;33;580.03;SIM;NÃO;ISLA;house;60
CK32;C;K;32;611.55;NÃO;NÃO;ISLA;house;60
CK31;C;K;31;577.07;NÃO;NÃO;ISLA;house;60
CK30;C;K;30;590.93;NÃO;NÃO;ISLA;house;60
CK29;C;K;29;575.86;SIM;NÃO;ISLA;house;60
CK28;C;K;28;578.22;NÃO;NÃO;ISLA;house;60
CK27;C;K;27;610.51;NÃO;NÃO;ISLA;house;60
CK26;C;K;26;1133.44;NÃO;NÃO;ISLA;house;60
CK25;C;K;25;630.69;SIM;NÃO;ISLA;house;60
CK24;C;K;24;583.93;NÃO;NÃO;ISLA;house;60
CK23;C;K;23;574.78;NÃO;NÃO;ISLA;house;60
CK22;C;K;22;594.46;NÃO;NÃO;ISLA;house;60
CK21;C;K;21;567.69;NÃO;NÃO;ISLA;house;60
CK20;C;K;20;587.13;NÃO;NÃO;ISLA;house;60
CK19;C;K;19;585.63;NÃO;SIM;ISLA;house;60
CK18;C;K;18;583.1;NÃO;NÃO;ISLA;house;60
CK17;C;K;17;560.44;NÃO;NÃO;ISLA;house;60
CK16;C;K;16;587.11;NÃO;NÃO;ISLA;house;60
CK15;C;K;15;570.99;NÃO;NÃO;ISLA;house;60
CK14;C;K;14;585.5;NÃO;NÃO;ISLA;house;60
CK13;C;K;13;585.38;NÃO;NÃO;ISLA;house;60
CK12;C;K;12;590.08;NÃO;NÃO;ISLA;house;60
CK11;C;K;11;570.01;NÃO;NÃO;ISLA;house;60
CK10;C;K;10;578.48;SIM;NÃO;ISLA;house;60
CK09;C;K;9;579.07;NÃO;NÃO;ISLA;house;60
CK08;C;K;8;583;NÃO;NÃO;ISLA;house;60
CK07;C;K;7;563.08;NÃO;NÃO;ISLA;house;60
CK06;C;K;6;591.75;SIM;NÃO;ISLA;house;60
CK05;C;K;5;571.73;NÃO;NÃO;ISLA;house;60
CK03/04;C;K;03/abr;1179.07;NÃO;NÃO;ISLA;house;60
CK02;C;K;2;570.33;SIM;NÃO;ISLA;house;60
CK01;C;K;1;1102.33;NÃO;NÃO;ISLA;house;60
CJ56;C;J;56;1106.89;SIM;NÃO;ISLA;house;60
CJ55;C;J;55;593.24;SIM;NÃO;ISLA;house;60
CJ54;C;J;54;567.11;SIM;NÃO;ISLA;house;60
CJ53;C;J;53;542.07;NÃO;NÃO;ISLA;house;60
CJ52;C;J;52;561.69;NÃO;NÃO;ISLA;house;60
CJ51;C;J;51;587.86;NÃO;NÃO;ISLA;house;60
CJ50;C;J;50;540.37;NÃO;NÃO;ISLA;house;60
CJ49;C;J;49;567.27;NÃO;NÃO;ISLA;house;60
CJ48;C;J;48;548.72;NÃO;NÃO;ISLA;house;60
CJ47;C;J;47;590.18;NÃO;NÃO;ISLA;house;60
CJ46;C;J;46;567.63;NÃO;NÃO;ISLA;house;60
CJ45;C;J;45;561.07;SIM;NÃO;ISLA;house;60
CJ44;C;J;44;568.82;NÃO;NÃO;ISLA;house;60
CJ43;C;J;43;574.3;SIM;NÃO;ISLA;house;60
CJ42;C;J;42;563.74;NÃO;NÃO;ISLA;house;60
CJ41;C;J;41;561.54;NÃO;NÃO;ISLA;house;60
CJ40;C;J;40;580.85;NÃO;NÃO;ISLA;house;60
CJ39;C;J;39;567.09;NÃO;NÃO;ISLA;house;60
CJ38;C;J;38;555.88;SIM;NÃO;ISLA;house;60
CJ37;C;J;37;585.44;NÃO;SIM;ISLA;house;60
CJ36;C;J;36;579.65;NÃO;NÃO;ISLA;house;60
CJ35;C;J;35;583.52;NÃO;NÃO;ISLA;house;60
CJ34;C;J;34;570.89;NÃO;NÃO;ISLA;house;60
CJ33;C;J;33;551.65;NÃO;NÃO;ISLA;house;60
CJ32;C;J;32;594.97;NÃO;NÃO;ISLA;house;60
CJ31;C;J;31;578.95;NÃO;NÃO;ISLA;house;60
CJ30;C;J;30;573.73;NÃO;NÃO;ISLA;house;60
CJ29;C;J;29;650.09;NÃO;NÃO;ISLA;house;60
CJ28;C;J;28;574.67;SIM;NÃO;ISLA;house;60
CJ27;C;J;27;596.13;SIM;NÃO;ISLA;house;60
CJ26;C;J;26;584.64;NÃO;NÃO;ISLA;house;60
CJ25;C;J;25;583.81;SIM;NÃO;ISLA;house;60
CJ24;C;J;24;575.73;SIM;NÃO;ISLA;house;60
CJ23;C;J;23;595.33;SIM;NÃO;ISLA;house;60
CJ22;C;J;22;578.71;NÃO;NÃO;ISLA;house;60
CJ21;C;J;21;584.96;NÃO;SIM;ISLA;house;60
CJ20;C;J;20;572.76;NÃO;NÃO;ISLA;house;60
CJ19;C;J;19;586.26;SIM;NÃO;ISLA;house;60
CJ18;C;J;18;582.01;NÃO;NÃO;ISLA;house;60
CJ17;C;J;17;576.94;NÃO;NÃO;ISLA;house;60
CJ16;C;J;16;587.7;NÃO;NÃO;ISLA;house;60
CJ14/15;C;J;14/15;1165.61;SIM;NÃO;ISLA;house;60
CJ13;C;J;13;576.13;NÃO;NÃO;ISLA;house;60
CJ12;C;J;12;590.03;SIM;NÃO;ISLA;house;60
CJ11;C;J;11;574.59;NÃO;NÃO;ISLA;house;60
CJ10;C;J;10;554.6;NÃO;NÃO;ISLA;house;60
CJ09;C;J;9;604.84;SIM;NÃO;ISLA;house;60
CJ08;C;J;8;572.49;NÃO;NÃO;ISLA;house;60
CJ07;C;J;7;586.71;NÃO;NÃO;ISLA;house;60
CJ06;C;J;6;586.22;NÃO;NÃO;ISLA;house;60
CJ05;C;J;5;591.22;SIM;NÃO;ISLA;house;60
CJ04;C;J;4;584.76;NÃO;NÃO;ISLA;house;60
CJ03;C;J;3;604.48;NÃO;NÃO;ISLA;house;60
CJ02;C;J;2;550.87;NÃO;NÃO;ISLA;house;60
CJ01;C;J;1;672.53;SIM;NÃO;ISLA;house;60
CI51;C;I;51;661.72;NÃO;NÃO;ISLA;house;60
CI50;C;I;50;594.92;SIM;NÃO;ISLA;house;60
CI49;C;I;49;562.35;NÃO;NÃO;ISLA;house;60
CI48;C;I;48;576.88;NÃO;NÃO;ISLA;house;60
CI47;C;I;47;532.98;NÃO;SIM;ISLA;house;60
CI46;C;I;46;582.85;NÃO;NÃO;ISLA;house;60
CI45;C;I;45;601.11;NÃO;NÃO;ISLA;house;60
CI44;C;I;44;581.91;NÃO;NÃO;ISLA;house;60
CI43;C;I;43;561.27;SIM;NÃO;ISLA;house;60
CI42;C;I;42;558.7;NÃO;NÃO;ISLA;house;60
CI41;C;I;41;587.08;NÃO;NÃO;ISLA;house;60
CI40;C;I;40;555.41;NÃO;NÃO;ISLA;house;60
CI39;C;I;39;592.95;SIM;NÃO;ISLA;house;60
CI38;C;I;38;560.36;NÃO;NÃO;ISLA;house;60
CI37;C;I;37;554.15;SIM;NÃO;ISLA;house;60
CI36;C;I;36;570.14;SIM;NÃO;ISLA;house;60
CI35;C;I;35;593.74;NÃO;NÃO;ISLA;house;60
CI34;C;I;34;587.74;NÃO;NÃO;ISLA;house;60
CI33;C;I;33;548.89;NÃO;NÃO;ISLA;house;60
CI32;C;I;32;571.1;SIM;NÃO;ISLA;house;60
CI31;C;I;31;621.87;NÃO;NÃO;ISLA;house;60
CI30;C;I;30;537.19;NÃO;NÃO;ISLA;house;60
CI29;C;I;29;568.67;NÃO;NÃO;ISLA;house;60
CI28;C;I;28;566.59;SIM;NÃO;ISLA;house;60
CI27;C;I;27;565.1;SIM;NÃO;ISLA;house;60
CI26;C;I;26;1037.11;SIM;NÃO;ISLA;house;60
CI25;C;I;25;650.58;SIM;NÃO;ISLA;house;60
CI24;C;I;24;582.69;NÃO;NÃO;ISLA;house;60
CI23;C;I;23;569.76;SIM;NÃO;ISLA;house;60
CI22;C;I;22;577.01;SIM;NÃO;ISLA;house;60
CI21;C;I;21;568.85;NÃO;NÃO;ISLA;house;60
CI20;C;I;20;573.46;NÃO;NÃO;ISLA;house;60
CI19;C;I;19;576.4;SIM;NÃO;ISLA;house;60
CI18;C;I;18;582.91;NÃO;NÃO;ISLA;house;60
CI17;C;I;17;579.11;NÃO;NÃO;ISLA;house;60
CI16;C;I;16;569.18;SIM;NÃO;ISLA;house;60
CI15;C;I;15;562.97;NÃO;NÃO;ISLA;house;60
CI14;C;I;14;582.53;NÃO;NÃO;ISLA;house;60
CI13;C;I;13;565.53;NÃO;NÃO;ISLA;house;60
CI12;C;I;12;583.09;NÃO;NÃO;ISLA;house;60
CI11;C;I;11;571.26;NÃO;SIM;ISLA;house;60
CI10;C;I;10;578.79;SIM;NÃO;ISLA;house;60
CI09;C;I;9;583.49;NÃO;NÃO;ISLA;house;60
CI08;C;I;8;570.37;NÃO;NÃO;ISLA;house;60
CI07-2;C;I;07/fev;574.64;NÃO;NÃO;ISLA;house;60
CI07-1;C;I;07/jan;574.64;NÃO;NÃO;ISLA;house;60
CI06;C;I;6;585.83;NÃO;NÃO;ISLA;house;60
CI04/05;C;I;04/mai;1146.21;SIM;NÃO;ISLA;house;60
CI03;C;I;3;568.73;NÃO;NÃO;ISLA;house;60
CI02;C;I;2;566.5;SIM;NÃO;ISLA;house;60
CI01;C;I;1;1033.72;NÃO;NÃO;ISLA;house;60
CH49;C;H;49;731.47;SIM;NÃO;ISLA;house;60
CH48;C;H;48;609.52;SIM;NÃO;ISLA;house;60
CH47;C;H;47;600.77;SIM;NÃO;ISLA;house;60
CH46;C;H;46;556;NÃO;NÃO;ISLA;house;60
CH45;C;H;45;599.69;SIM;NÃO;ISLA;house;60
CH44;C;H;44;593.75;NÃO;NÃO;ISLA;house;60
CH43;C;H;43;592.63;NÃO;NÃO;ISLA;house;60
CH42;C;H;42;552.19;NÃO;NÃO;ISLA;house;60
CH41;C;H;41;618.71;SIM;NÃO;ISLA;house;60
CH40;C;H;40;572.44;NÃO;NÃO;ISLA;house;60
CH39;C;H;39;577.28;NÃO;NÃO;ISLA;house;60
CH38;C;H;38;596.43;NÃO;NÃO;ISLA;house;60
CH37;C;H;37;584.15;NÃO;SIM;ISLA;house;60
CH36;C;H;36;579.03;NÃO;NÃO;ISLA;house;60
CH35;C;H;35;590.35;NÃO;NÃO;ISLA;house;60
CH34;C;H;34;585.17;NÃO;NÃO;ISLA;house;60
CH33;C;H;33;561.32;NÃO;NÃO;ISLA;house;60
CH32;C;H;32;605.58;NÃO;NÃO;ISLA;house;60
CH31;C;H;31;575.34;SIM;NÃO;ISLA;house;60
CH30;C;H;30;585.4;NÃO;NÃO;ISLA;house;60
CH29;C;H;29;590.16;NÃO;NÃO;ISLA;house;60
CH28;C;H;28;586.4;NÃO;NÃO;ISLA;house;60
CH27;C;H;27;592.06;SIM;NÃO;ISLA;house;60
CH26;C;H;26;446.57;NÃO;NÃO;ISLA;house;60
CH25;C;H;25;812.84;SIM;NÃO;ISLA;house;60
CH24;C;H;24;823.62;NÃO;NÃO;ISLA;house;60
CH23;C;H;23;605.05;NÃO;NÃO;ISLA;house;60
CH22;C;H;22;563.96;SIM;NÃO;ISLA;house;60
CH21;C;H;21;573.62;NÃO;NÃO;ISLA;house;60
CH20;C;H;20;582.16;NÃO;NÃO;ISLA;house;60
CH19;C;H;19;587.02;NÃO;NÃO;ISLA;house;60
CH18;C;H;18;546.43;NÃO;NÃO;ISLA;house;60
CH17;C;H;17;592.26;SIM;NÃO;ISLA;house;60
CH16;C;H;16;578.05;NÃO;NÃO;ISLA;house;60
CH15;C;H;15;562.13;NÃO;NÃO;ISLA;house;60
CH14;C;H;14;585.06;NÃO;NÃO;ISLA;house;60
CH13;C;H;13;551.84;SIM;NÃO;ISLA;house;60
CH12;C;H;12;562.48;NÃO;NÃO;ISLA;house;60
CH11;C;H;11;567.18;NÃO;NÃO;ISLA;house;60
CH10;C;H;10;567.46;NÃO;NÃO;ISLA;house;60
CH09;C;H;9;562.22;NÃO;NÃO;ISLA;house;60
CH08;C;H;8;552.22;SIM;NÃO;ISLA;house;60
CH07;C;H;7;556.5;SIM;NÃO;ISLA;house;60
CH06;C;H;6;560.67;NÃO;NÃO;ISLA;house;60
CH05;C;H;5;587.84;SIM;NÃO;ISLA;house;60
CH04;C;H;4;545.74;NÃO;NÃO;ISLA;house;60
CH03;C;H;3;536.77;NÃO;NÃO;ISLA;house;60
CH02;C;H;2;558.11;NÃO;NÃO;ISLA;house;60
CH01;C;H;1;632.1;NÃO;NÃO;ISLA;house;60
CG51;C;G;51;682.21;NÃO;NÃO;ISLA;house;60
CG50;C;G;50;580.4;NÃO;NÃO;ISLA;house;60
CG49;C;G;49;565.15;NÃO;NÃO;ISLA;house;60
CG48;C;G;48;584.59;NÃO;NÃO;ISLA;house;60
CG46/47;C;G;46/47;1081.26;SIM;NÃO;ISLA;house;60
CG45;C;G;45;538.53;NÃO;NÃO;ISLA;house;60
CG44;C;G;44;681.77;SIM;NÃO;ISLA;house;60
CG43;C;G;43;573.67;NÃO;NÃO;ISLA;house;60
CG41/42;C;G;41/42;1144.37;NÃO;NÃO;ISLA;house;60
CG40;C;G;40;577.96;SIM;NÃO;ISLA;house;60
CG39;C;G;39;563.71;NÃO;NÃO;ISLA;house;60
CG38;C;G;38;583.11;SIM;NÃO;ISLA;house;60
CG37;C;G;37;582.36;NÃO;NÃO;ISLA;house;60
CG36;C;G;36;545.91;NÃO;NÃO;ISLA;house;60
CG35;C;G;35;574.26;SIM;NÃO;ISLA;house;60
CG34;C;G;34;582.4;NÃO;NÃO;ISLA;house;60
CG33;C;G;33;534.73;SIM;NÃO;ISLA;house;60
CG32;C;G;32;614.08;SIM;NÃO;ISLA;house;60
CG31;C;G;31;566.97;NÃO;NÃO;ISLA;house;60
CG30;C;G;30;581.15;SIM;NÃO;ISLA;house;60
CG29;C;G;29;566.85;SIM;NÃO;ISLA;house;60
CG28;C;G;28;584.37;SIM;NÃO;ISLA;house;60
CG27;C;G;27;578.17;NÃO;NÃO;ISLA;house;60
CG26;C;G;26;933.15;NÃO;NÃO;ISLA;house;60
CG25;C;G;25;638.29;NÃO;NÃO;ISLA;house;60
CG24;C;G;24;572.19;NÃO;NÃO;ISLA;house;60
CG23;C;G;23;567.47;NÃO;NÃO;ISLA;house;60
CG22;C;G;22;555.43;NÃO;NÃO;ISLA;house;60
CG21;C;G;21;577.67;SIM;NÃO;ISLA;house;60
CG20;C;G;20;605.26;SIM;NÃO;ISLA;house;60
CG18/19;C;G;18/19;1141.25;NÃO;NÃO;ISLA;house;60
CG17;C;G;17;577.69;SIM;NÃO;ISLA;house;60
CG16;C;G;16;560.11;NÃO;NÃO;ISLA;house;60
CG15;C;G;15;569.42;SIM;NÃO;ISLA;house;60
CG14;C;G;14;567.8;NÃO;NÃO;ISLA;house;60
CG13;C;G;13;560.31;NÃO;NÃO;ISLA;house;60
CG12;C;G;12;575.62;NÃO;NÃO;ISLA;house;60
CG11;C;G;11;567.18;NÃO;NÃO;ISLA;house;60
CG10;C;G;10;580.27;SIM;NÃO;ISLA;house;60
CG09;C;G;9;567;NÃO;NÃO;ISLA;house;60
CG08;C;G;8;593.22;NÃO;NÃO;ISLA;house;60
CG07;C;G;7;541.87;NÃO;NÃO;ISLA;house;60
CG06;C;G;6;572.68;NÃO;NÃO;ISLA;house;60
CG05;C;G;5;568.69;NÃO;NÃO;ISLA;house;60
CG04;C;G;4;565.55;NÃO;NÃO;ISLA;house;60
CG03;C;G;3;563.96;SIM;NÃO;ISLA;house;60
CG02;C;G;2;566.87;NÃO;NÃO;ISLA;house;60
CG01;C;G;1;931.56;NÃO;NÃO;ISLA;house;60
CF41;C;F;41;805.66;NÃO;NÃO;ISLA;house;60
CF40;C;F;40;607.15;NÃO;NÃO;ISLA;house;60
CF39;C;F;39;565.54;NÃO;NÃO;ISLA;house;60
CF38;C;F;38;564.43;NÃO;NÃO;ISLA;house;60
CF37;C;F;37;571.85;NÃO;NÃO;ISLA;house;60
CF36;C;F;36;567.58;NÃO;NÃO;ISLA;house;60
CF35;C;F;35;582.96;NÃO;NÃO;ISLA;house;60
CF34;C;F;34;593.63;NÃO;NÃO;ISLA;house;60
CF33;C;F;33;553.55;NÃO;NÃO;ISLA;house;60
CF32;C;F;32;598.15;NÃO;NÃO;ISLA;house;60
CF31;C;F;31;600.5;NÃO;NÃO;ISLA;house;60
CF30;C;F;30;575.26;NÃO;NÃO;ISLA;house;60
CF29;C;F;29;577.55;NÃO;NÃO;ISLA;house;60
CF28;C;F;28;601.1;NÃO;NÃO;ISLA;house;60
CF27;C;F;27;566.27;NÃO;NÃO;ISLA;house;60
CF26;C;F;26;593.75;NÃO;NÃO;ISLA;house;60
CF25;C;F;25;568.31;SIM;NÃO;ISLA;house;60
CF24;C;F;24;589.69;NÃO;NÃO;ISLA;house;60
CF23;C;F;23;583.59;SIM;NÃO;ISLA;house;60
CF22;C;F;22;585.66;SIM;NÃO;ISLA;house;60
CF21;C;F;21;634.89;NÃO;NÃO;ISLA;house;60
CF19/20;C;F;19/20;549.54;NÃO;NÃO;ISLA;house;60
CF18;C;F;18;558.98;NÃO;NÃO;ISLA;house;60
CF17;C;F;17;574.04;NÃO;NÃO;ISLA;house;60
CF16;C;F;16;571.93;NÃO;NÃO;ISLA;house;60
CF15;C;F;15;564.49;NÃO;NÃO;ISLA;house;60
CF14;C;F;14;589.57;NÃO;NÃO;ISLA;house;60
CF13;C;F;13;551.81;SIM;NÃO;ISLA;house;60
CF12;C;F;12;570.55;NÃO;NÃO;ISLA;house;60
CF11;C;F;11;581.14;NÃO;NÃO;ISLA;house;60
CF10;C;F;10;552.94;NÃO;NÃO;ISLA;house;60
CF09;C;F;9;567.41;NÃO;NÃO;ISLA;house;60
CF08;C;F;8;573.21;SIM;NÃO;ISLA;house;60
CF07;C;F;7;567.77;SIM;NÃO;ISLA;house;60
CF05/06;C;F;05/jun;1142.15;NÃO;NÃO;ISLA;house;60
CF04;C;F;4;573.06;NÃO;NÃO;ISLA;house;60
CF03;C;F;3;575.09;NÃO;NÃO;ISLA;house;60
CF02;C;F;2;565.2;NÃO;NÃO;ISLA;house;60
CF01;C;F;1;647.84;NÃO;NÃO;ISLA;house;60
CE51;C;E;51;640.62;SIM;NÃO;ISLA;house;60
CE50;C;E;50;595.52;NÃO;NÃO;ISLA;house;60
CE49;C;E;49;566.6;NÃO;NÃO;ISLA;house;60
CE48;C;E;48;570.89;NÃO;NÃO;ISLA;house;60
CE47-2;C;E;47-2;589.4;NÃO;NÃO;ISLA;house;60
CE47-1;C;E;47-1;589.4;NÃO;NÃO;ISLA;house;60
CE46;C;E;46;561.88;NÃO;NÃO;ISLA;house;60
CE45;C;E;45;582.08;NÃO;NÃO;ISLA;house;60
CE43/44;C;E;43/44;1156.38;NÃO;NÃO;ISLA;house;60
CE42;C;E;42;548.37;NÃO;NÃO;ISLA;house;60
CE41;C;E;41;592.63;SIM;NÃO;ISLA;house;60
CE40;C;E;40;577.59;NÃO;NÃO;ISLA;house;60
CE39;C;E;39;603.38;NÃO;NÃO;ISLA;house;60
CE38;C;E;38;574.92;NÃO;NÃO;ISLA;house;60
CE37;C;E;37;559.93;NÃO;NÃO;ISLA;house;60
CE36;C;E;36;553.12;NÃO;NÃO;ISLA;house;60
CE35;C;E;35;608.33;SIM;NÃO;ISLA;house;60
CE34;C;E;34;586.37;NÃO;NÃO;ISLA;house;60
CE33;C;E;33;559.1;NÃO;NÃO;ISLA;house;60
CE32;C;E;32;590.48;NÃO;NÃO;ISLA;house;60
CE31;C;E;31;578.79;NÃO;NÃO;ISLA;house;60
CE30;C;E;30;583.46;SIM;NÃO;ISLA;house;60
CE29;C;E;29;568.29;NÃO;NÃO;ISLA;house;60
CE28;C;E;28;583.86;NÃO;NÃO;ISLA;house;60
CE27;C;E;27;593.09;NÃO;NÃO;ISLA;house;60
CE26;C;E;26;868.01;NÃO;NÃO;ISLA;house;60
CE25;C;E;25;692.53;NÃO;NÃO;ISLA;house;60
CE24;C;E;24;588.2;NÃO;NÃO;ISLA;house;60
CE23;C;E;23;555.5;SIM;NÃO;ISLA;house;60
CE22;C;E;22;587.95;NÃO;NÃO;ISLA;house;60
CE21;C;E;21;583.11;NÃO;NÃO;ISLA;house;60
CE20;C;E;20;581.7;NÃO;NÃO;ISLA;house;60
CE19;C;E;19;557.39;NÃO;NÃO;ISLA;house;60
CE18;C;E;18;575.68;SIM;NÃO;ISLA;house;60
CE17;C;E;17;578.04;NÃO;NÃO;ISLA;house;60
CE16;C;E;16;564.77;NÃO;NÃO;ISLA;house;60
CE15;C;E;15;572.59;NÃO;NÃO;ISLA;house;60
CE14;C;E;14;565.75;NÃO;NÃO;ISLA;house;60
CE13;C;E;13;581.61;NÃO;NÃO;ISLA;house;60
CE12;C;E;12;575.79;NÃO;NÃO;ISLA;house;60
CE11;C;E;11;560.77;NÃO;NÃO;ISLA;house;60
CE10;C;E;10;541.86;NÃO;NÃO;ISLA;house;60
CE09;C;E;9;591.21;SIM;NÃO;ISLA;house;60
CE08;C;E;8;578.46;NÃO;NÃO;ISLA;house;60
CE07;C;E;7;565.53;SIM;NÃO;ISLA;house;60
CE06;C;E;6;558.99;SIM;NÃO;ISLA;house;60
CE05;C;E;5;577.33;NÃO;NÃO;ISLA;house;60
CE04;C;E;4;574.35;NÃO;NÃO;ISLA;house;60
CE03;C;E;3;541.31;SIM;NÃO;ISLA;house;60
CE02;C;E;2;578.78;NÃO;NÃO;ISLA;house;60
CE01;C;E;1;850.55;NÃO;NÃO;ISLA;house;60
CD27;C;D;27;912.23;SIM;NÃO;ISLA;house;60
CD26;C;D;26;592.24;NÃO;NÃO;ISLA;house;60
CD25;C;D;25;587.64;SIM;NÃO;ISLA;house;60
CD24;C;D;24;562.33;NÃO;NÃO;ISLA;house;60
CD23;C;D;23;603.45;SIM;NÃO;ISLA;house;60
CD22;C;D;22;627.16;NÃO;NÃO;ISLA;house;60
CD21;C;D;21;558.14;NÃO;NÃO;ISLA;house;60
CD20;C;D;20;611.81;NÃO;NÃO;ISLA;house;60
CD19;C;D;19;607.88;NÃO;NÃO;ISLA;house;60
CD18;C;D;18;569.14;NÃO;NÃO;ISLA;house;60
CD17;C;D;17;533.71;NÃO;NÃO;ISLA;house;60
CD16;C;D;16;599.07;SIM;NÃO;ISLA;house;60
CD15;C;D;15;612.7;NÃO;NÃO;ISLA;house;60
CD14;C;D;14;551.79;NÃO;NÃO;ISLA;house;60
CD13;C;D;13;603.87;SIM;NÃO;ISLA;house;60
CD12;C;D;12;670.81;SIM;NÃO;ISLA;house;60
CD11-2;C;D;11/fev;1371.01;NÃO;NÃO;ISLA;house;60
CD11-1;C;D;11/jan;1371.01;NÃO;NÃO;ISLA;house;60
CD10;C;D;10;537.74;NÃO;NÃO;ISLA;house;60
CD09;C;D;9;584.64;NÃO;NÃO;ISLA;house;60
CD08;C;D;8;609.4;NÃO;NÃO;ISLA;house;60
CD07;C;D;7;560.94;NÃO;NÃO;ISLA;house;60
CD06;C;D;6;539.28;NÃO;NÃO;ISLA;house;60
CD04/05;C;D;04/mai;605.37;SIM;NÃO;ISLA;house;60
CD03;C;D;3;568.06;SIM;NÃO;ISLA;house;60
CD02;C;D;2;580.78;NÃO;NÃO;ISLA;house;60
CD01;C;D;1;659.97;SIM;NÃO;ISLA;house;60
CCOMC41;C;COMC;41;285.55;NÃO;NÃO;LAURA;commercial;60
CCOMC40;C;COMC;40;194.98;NÃO;NÃO;LAURA;commercial;60
CCOMC39;C;COMC;39;185.77;NÃO;NÃO;LAURA;commercial;60
CCOMC38;C;COMC;38;197.62;NÃO;NÃO;LAURA;commercial;60
CCOMC37;C;COMC;37;180.53;NÃO;NÃO;LAURA;commercial;60
CCOMC36;C;COMC;36;203.66;NÃO;NÃO;LAURA;commercial;60
CCOMC35;C;COMC;35;191.58;NÃO;NÃO;LAURA;commercial;60
CCOMC34;C;COMC;34;201.06;NÃO;NÃO;LAURA;commercial;60
CCOMC33;C;COMC;33;215.21;NÃO;NÃO;LAURA;commercial;60
CCOMC32;C;COMC;32;185.6;NÃO;NÃO;LAURA;commercial;60
CCOMC31;C;COMC;31;158.91;NÃO;NÃO;LAURA;commercial;60
CCOMC30;C;COMC;30;196.33;NÃO;NÃO;LAURA;commercial;60
CCOMC29;C;COMC;29;189.84;NÃO;NÃO;LAURA;commercial;60
CCOMC28;C;COMC;28;158.04;NÃO;NÃO;LAURA;commercial;60
CCOMC27;C;COMC;27;158.42;NÃO;NÃO;LAURA;commercial;60
CCOMC26;C;COMC;26;182.3;NÃO;NÃO;LAURA;commercial;60
CCOMC25;C;COMC;25;232.65;NÃO;NÃO;LAURA;commercial;60
CCOMC24;C;COMC;24;187.63;NÃO;NÃO;LAURA;commercial;60
CCOMC23;C;COMC;23;296.86;NÃO;NÃO;LAURA;commercial;60
CC50/51;C;C;50/51;1214.01;SIM;NÃO;ISLA;house;60
CC49;C;C;49;587.33;SIM;NÃO;ISLA;house;60
CC48;C;C;48;599.77;NÃO;NÃO;ISLA;house;60
CC47;C;C;47;552.77;SIM;NÃO;ISLA;house;60
CC46;C;C;46;548.96;NÃO;NÃO;ISLA;house;60
CC45;C;C;45;599.71;SIM;NÃO;ISLA;house;60
CC44;C;C;44;574.15;NÃO;NÃO;ISLA;house;60
CC43;C;C;43;562.01;NÃO;NÃO;ISLA;house;60
CC42;C;C;42;580.89;NÃO;NÃO;ISLA;house;60
CC41;C;C;41;577.8;NÃO;NÃO;ISLA;house;60
CC40;C;C;40;589.02;NÃO;NÃO;ISLA;house;60
CC39;C;C;39;580.63;NÃO;NÃO;ISLA;house;60
CC38;C;C;38;580.14;NÃO;NÃO;ISLA;house;60
CC37;C;C;37;572.47;SIM;NÃO;ISLA;house;60
CC36;C;C;36;591.57;NÃO;NÃO;ISLA;house;60
CC35;C;C;35;577.35;NÃO;NÃO;ISLA;house;60
CC34;C;C;34;562.06;SIM;NÃO;ISLA;house;60
CC33;C;C;33;591.3;NÃO;NÃO;ISLA;house;60
CC32;C;C;32;588.79;NÃO;NÃO;ISLA;house;60
CC31;C;C;31;586.4;NÃO;NÃO;ISLA;house;60
CC30;C;C;30;593.62;NÃO;NÃO;ISLA;house;60
CC29;C;C;29;582.8;NÃO;NÃO;ISLA;house;60
CC28;C;C;28;600.7;SIM;NÃO;ISLA;house;60
CC27;C;C;27;530.69;NÃO;NÃO;ISLA;house;60
CC26;C;C;26;834.59;SIM;NÃO;ISLA;house;60
CC25;C;C;25;634.83;NÃO;NÃO;ISLA;house;60
CC24;C;C;24;591.94;NÃO;NÃO;ISLA;house;60
CC23;C;C;23;583.83;NÃO;NÃO;ISLA;house;60
CC22;C;C;22;580.72;NÃO;NÃO;ISLA;house;60
CC21;C;C;21;580.36;NÃO;NÃO;ISLA;house;60
CC20;C;C;20;558.25;SIM;NÃO;ISLA;house;60
CC19;C;C;19;590.93;NÃO;NÃO;ISLA;house;60
CC18;C;C;18;573.33;NÃO;NÃO;ISLA;house;60
CC17;C;C;17;555.68;NÃO;NÃO;ISLA;house;60
CC16;C;C;16;584.27;NÃO;NÃO;ISLA;house;60
CC15;C;C;15;570.43;SIM;NÃO;ISLA;house;60
CC14;C;C;14;566.72;NÃO;NÃO;ISLA;house;60
CC13;C;C;13;569.17;SIM;NÃO;ISLA;house;60
CC12;C;C;12;570.17;NÃO;NÃO;ISLA;house;60
CC11;C;C;11;564.8;NÃO;NÃO;ISLA;house;60
CC10;C;C;10;587.66;NÃO;NÃO;ISLA;house;60
CC09;C;C;9;555.53;NÃO;NÃO;ISLA;house;60
CC08;C;C;8;565.19;NÃO;NÃO;ISLA;house;60
CC07;C;C;7;563.76;NÃO;NÃO;ISLA;house;60
CC06;C;C;6;576.99;NÃO;NÃO;ISLA;house;60
CC04/05;C;C;04/mai;1141.49;SIM;NÃO;ISLA;house;60
CC03;C;C;3;555.66;NÃO;NÃO;ISLA;house;60
CC01/02;C;C;01/fev;778.31;SIM;NÃO;ISLA;house;60
CB50;C;B;50;1190.86;NÃO;NÃO;ISLA;house;60
CB49;C;B;49;843.63;NÃO;NÃO;ISLA;house;60
CB48;C;B;48;615.62;NÃO;NÃO;ISLA;house;60
CB47;C;B;47;568.47;NÃO;NÃO;ISLA;house;60
CB46;C;B;46;546.84;NÃO;NÃO;ISLA;house;60
CB45;C;B;45;598.44;NÃO;NÃO;ISLA;house;60
CB44;C;B;44;577.55;NÃO;NÃO;ISLA;house;60
CB43;C;B;43;593.01;NÃO;NÃO;ISLA;house;60
CB42;C;B;42;574.06;NÃO;NÃO;ISLA;house;60
CB41;C;B;41;581.57;NÃO;NÃO;ISLA;house;60
CB40B;C;B;40B;595.38;NÃO;NÃO;ISLA;house;60
CB40A;C;B;40A;595.38;NÃO;NÃO;ISLA;house;60
CB39;C;B;39;581.36;NÃO;NÃO;ISLA;house;60
CB38;C;B;38;592.79;NÃO;NÃO;ISLA;house;60
CB37;C;B;37;573.98;NÃO;NÃO;ISLA;house;60
CB36;C;B;36;572.58;NÃO;NÃO;ISLA;house;60
CB35;C;B;35;574.23;SIM;NÃO;ISLA;house;60
CB34;C;B;34;583.91;NÃO;NÃO;ISLA;house;60
CB33;C;B;33;603.81;NÃO;NÃO;ISLA;house;60
CB32;C;B;32;589.42;NÃO;NÃO;ISLA;house;60
CB31;C;B;31;565.2;SIM;NÃO;ISLA;house;60
CB30;C;B;30;572.53;NÃO;NÃO;ISLA;house;60
CB29;C;B;29;563.37;NÃO;NÃO;ISLA;house;60
CB28;C;B;28;606.08;NÃO;NÃO;ISLA;house;60
CB27-2;C;B;27/fev;570.11;NÃO;NÃO;ISLA;house;60
CB27-1;C;B;27/jan;570.11;NÃO;NÃO;ISLA;house;60
CB26;C;B;26;595.29;NÃO;NÃO;ISLA;house;60
CB25;C;B;25;577.59;SIM;NÃO;ISLA;house;60
CB24;C;B;24;592.31;NÃO;NÃO;ISLA;house;60
CB23;C;B;23;1261.72;NÃO;NÃO;ISLA;house;60
CB21/22;C;B;21/22;1804.91;NÃO;NÃO;ISLA;house;60
CB20;C;B;20;581.79;NÃO;NÃO;ISLA;house;60
CB19;C;B;19;567.28;NÃO;NÃO;ISLA;house;60
CB18;C;B;18;570.41;NÃO;NÃO;ISLA;house;60
CB17;C;B;17;590.63;NÃO;NÃO;ISLA;house;60
CB16;C;B;16;575.66;NÃO;NÃO;ISLA;house;60
CB15;C;B;15;569.71;SIM;NÃO;ISLA;house;60
CB14;C;B;14;581.83;NÃO;NÃO;ISLA;house;60
CB13;C;B;13;569.42;NÃO;NÃO;ISLA;house;60
CB12;C;B;12;566.46;NÃO;NÃO;ISLA;house;60
CB11;C;B;11;579.84;NÃO;NÃO;ISLA;house;60
CB10;C;B;10;578.16;SIM;NÃO;ISLA;house;60
CB09;C;B;9;569.79;NÃO;NÃO;ISLA;house;60
CB08;C;B;8;557.62;NÃO;NÃO;ISLA;house;60
CB07;C;B;7;591.19;SIM;NÃO;ISLA;house;60
CB06;C;B;6;546.27;NÃO;NÃO;ISLA;house;60
CB05;C;B;5;602.28;NÃO;NÃO;ISLA;house;60
CB04;C;B;4;563.63;NÃO;NÃO;ISLA;house;60
CB03;C;B;3;594.74;NÃO;NÃO;ISLA;house;60
CB02;C;B;2;560.06;NÃO;NÃO;ISLA;house;60
CB01;C;B;1;1010.02;NÃO;NÃO;ISLA;house;60
CA18B;C;A;18B;1944.28;SIM;NÃO;ISLA;house;60
CA18A;C;A;18A;1944.28;SIM;NÃO;ISLA;house;60
CA17;C;A;17;547.01;SIM;NÃO;ISLA;house;60
CA16;C;A;16;581.09;NÃO;NÃO;ISLA;house;60
CA15;C;A;15;582.27;NÃO;NÃO;ISLA;house;60
CA14;C;A;14;569.33;NÃO;NÃO;ISLA;house;60
CA13;C;A;13;606.25;SIM;NÃO;ISLA;house;60
CA12;C;A;12;559.47;SIM;NÃO;ISLA;house;60
CA11;C;A;11;567.81;SIM;NÃO;ISLA;house;60
CA10;C;A;10;604.49;SIM;NÃO;ISLA;house;60
CA09;C;A;9;565.06;NÃO;NÃO;ISLA;house;60
CA08;C;A;8;573.08;NÃO;NÃO;ISLA;house;60
CA07;C;A;7;579.46;NÃO;NÃO;ISLA;house;60
CA06;C;A;6;583.8;SIM;NÃO;ISLA;house;60
CA05;C;A;5;1650.36;NÃO;NÃO;ISLA;house;60
CA04;C;A;4;611.22;NÃO;NÃO;ISLA;house;60
CA03;C;A;3;731.26;NÃO;NÃO;ISLA;house;60
CA02;C;A;2;898.29;SIM;NÃO;ISLA;house;60
CA01;C;A;1;944.17;SIM;NÃO;ISLA;house;60
AV57;A;V;57;1728.51;NÃO;SIM;ISLA;house;60
AV56;A;V;56;802.69;NÃO;NÃO;ISLA;house;60
AV55;A;V;55;881.05;NÃO;NÃO;ISLA;house;60
AV54;A;V;54;801.45;SIM;NÃO;ISLA;house;60
AV53;A;V;53;781.86;NÃO;NÃO;ISLA;house;60
AV52;A;V;52;734.15;SIM;NÃO;ISLA;house;60
AV51;A;V;51;680.65;NÃO;NÃO;ISLA;house;60
AV50;A;V;50;637.32;SIM;NÃO;ISLA;house;60
AV49;A;V;49;601.65;NÃO;NÃO;ISLA;house;60
AV48;A;V;48;585.27;SIM;NÃO;ISLA;house;60
AV47;A;V;47;579.28;NÃO;NÃO;ISLA;house;60
AV46;A;V;46;572.97;NÃO;NÃO;ISLA;house;60
AV45;A;V;45;593.42;NÃO;NÃO;ISLA;house;60
AV44;A;V;44;575.82;SIM;NÃO;ISLA;house;60
AV43;A;V;43;577.9;SIM;NÃO;ISLA;house;60
AV42;A;V;42;581.34;NÃO;NÃO;ISLA;house;60
AV41;A;V;41;579.94;SIM;NÃO;ISLA;house;60
AV40;A;V;40;584.46;SIM;NÃO;ISLA;house;60
AV39;A;V;39;580.28;NÃO;NÃO;ISLA;house;60
AV38;A;V;38;577.54;SIM;NÃO;ISLA;house;60
AV37;A;V;37;580.6;NÃO;NÃO;ISLA;house;60
AV36;A;V;36;577.22;NÃO;NÃO;ISLA;house;60
AV35;A;V;35;581.8;NÃO;NÃO;ISLA;house;60
AV34;A;V;34;583.94;NÃO;NÃO;ISLA;house;60
AV33;A;V;33;566.57;NÃO;NÃO;ISLA;house;60
AV31;A;V;31;588.94;SIM;NÃO;ISLA;house;60
AV30;A;V;30;572.46;NÃO;NÃO;ISLA;house;60
AV29;A;V;29;562.55;NÃO;NÃO;ISLA;house;60
AV28B;A;V;28B;566.25;SIM;NÃO;ISLA;house;60
AV28A;A;V;28A;517.81;NÃO;NÃO;ISLA;house;60
AV27;A;V;27;1265.33;SIM;NÃO;ISLA;house;60
AV26;A;V;26;566.42;NÃO;NÃO;ISLA;house;60
AV25;A;V;25;559.42;SIM;NÃO;ISLA;house;60
AV24;A;V;24;576.83;NÃO;NÃO;ISLA;house;60
AV23;A;V;23;576.23;NÃO;NÃO;ISLA;house;60
AV22;A;V;22;574.59;NÃO;NÃO;ISLA;house;60
AV21;A;V;21;576.06;NÃO;NÃO;ISLA;house;60
AV20;A;V;20;573.54;NÃO;NÃO;ISLA;house;60
AV19;A;V;19;558.79;SIM;NÃO;ISLA;house;60
AV18B;A;V;18B;199.74;NÃO;NÃO;ISLA;house;60
AV18A;A;V;18A;200.13;NÃO;NÃO;ISLA;house;60
AV18;A;V;18;162.49;NÃO;NÃO;ISLA;house;60
AV17;A;V;17;565.2;SIM;NÃO;ISLA;house;60
AV16;A;V;16;579.56;SIM;NÃO;ISLA;house;60
AV15;A;V;15;570.34;SIM;NÃO;ISLA;house;60
AV14;A;V;14;569.11;NÃO;NÃO;ISLA;house;60
AV13;A;V;13;564.65;NÃO;SIM;ISLA;house;60
AV12;A;V;12;585.91;NÃO;NÃO;ISLA;house;60
AV11;A;V;11;576.78;NÃO;NÃO;ISLA;house;60
AV10;A;V;10;567.09;SIM;NÃO;ISLA;house;60
AV09;A;V;9;557.22;NÃO;NÃO;ISLA;house;60
AV08;A;V;8;581.46;NÃO;NÃO;ISLA;house;60
AV07;A;V;7;567.6;NÃO;NÃO;ISLA;house;60
AV06;A;V;6;572.99;NÃO;NÃO;ISLA;house;60
AV05;A;V;5;576.81;SIM;NÃO;ISLA;house;60
AV04/32;A;V;abr/32;1149.02;SIM;NÃO;ISLA;house;60
AV03;A;V;3;582.82;SIM;NÃO;ISLA;house;60
AV02;A;V;2;563.81;SIM;NÃO;ISLA;house;60
AV01;A;V;1;1013.03;SIM;NÃO;ISLA;house;60
AU39;A;U;39;1062.32;SIM;NÃO;ISLA;house;60
AU38;A;U;38;700.91;SIM;NÃO;ISLA;house;60
AU37;A;U;37;572.71;SIM;NÃO;ISLA;house;60
AU36;A;U;36;579.68;NÃO;NÃO;ISLA;house;60
AU35;A;U;35;584;NÃO;NÃO;ISLA;house;60
AU34;A;U;34;572.11;SIM;NÃO;ISLA;house;60
AU33;A;U;33;577.5;NÃO;NÃO;ISLA;house;60
AU32;A;U;32;588.56;NÃO;NÃO;ISLA;house;60
AU31;A;U;31;590.1;NÃO;NÃO;ISLA;house;60
AU30;A;U;30;579.21;SIM;NÃO;ISLA;house;60
AU29;A;U;29;577.49;NÃO;NÃO;ISLA;house;60
AU28;A;U;28;567.14;SIM;NÃO;ISLA;house;60
AU27;A;U;27;574.37;NÃO;NÃO;ISLA;house;60
AU26;A;U;26;575.69;NÃO;NÃO;ISLA;house;60
AU25;A;U;25;568.36;NÃO;NÃO;ISLA;house;60
AU24;A;U;24;582.53;NÃO;NÃO;ISLA;house;60
AU23;A;U;23;581.5;NÃO;NÃO;ISLA;house;60
AU22;A;U;22;578.19;NÃO;NÃO;ISLA;house;60
AU21;A;U;21;561.35;SIM;NÃO;ISLA;house;60
AU20;A;U;20;570.97;SIM;NÃO;ISLA;house;60
AU19;A;U;19;575.1;NÃO;NÃO;ISLA;house;60
AU18B;A;U;18B;564.95;NÃO;NÃO;ISLA;house;60
AU18A;A;U;18A;307.22;NÃO;NÃO;ISLA;house;60
AU17;A;U;17;1036.75;NÃO;NÃO;ISLA;house;60
AU16;A;U;16;537.47;SIM;NÃO;ISLA;house;60
AU15;A;U;15;564.96;NÃO;NÃO;ISLA;house;60
AU14;A;U;14;563.64;NÃO;NÃO;ISLA;house;60
AU13;A;U;13;570.35;NÃO;NÃO;ISLA;house;60
AU12;A;U;12;573.71;NÃO;NÃO;ISLA;house;60
AU11;A;U;11;564.24;NÃO;NÃO;ISLA;house;60
AU10B;A;U;10B;286.85;SIM;NÃO;ISLA;house;60
AU10A;A;U;10A;281.4;NÃO;NÃO;ISLA;house;60
AU09;A;U;9;558.67;NÃO;NÃO;ISLA;house;60
AU08;A;U;8;558.56;NÃO;NÃO;ISLA;house;60
AU07;A;U;7;588.35;NÃO;NÃO;ISLA;house;60
AU06;A;U;6;559.23;NÃO;NÃO;ISLA;house;60
AU05B;A;U;05B;295.33;NÃO;NÃO;ISLA;house;60
AU05A;A;U;05A;278.76;NÃO;NÃO;ISLA;house;60
AU04;A;U;4;581.26;SIM;NÃO;ISLA;house;60
AU03;A;U;3;573.45;NÃO;NÃO;ISLA;house;60
AU02;A;U;2;572.59;SIM;NÃO;ISLA;house;60
AU01;A;U;1;781.9;NÃO;NÃO;ISLA;house;60
AT22;A;T;22;1036.67;NÃO;NÃO;RAFAELA;house;60
AT21;A;T;21;886.46;NÃO;NÃO;RAFAELA;house;60
AT20;A;T;20;799.64;NÃO;NÃO;RAFAELA;house;60
AT19;A;T;19;594.12;NÃO;SIM;RAFAELA;house;60
AT18;A;T;18;873.24;NÃO;SIM;RAFAELA;house;60
AT17;A;T;17;1120.56;NÃO;NÃO;RAFAELA;house;60
AT16;A;T;16;580.65;NÃO;NÃO;RAFAELA;house;60
AT15;A;T;15;578.75;NÃO;NÃO;RAFAELA;house;60
AT14;A;T;14;569.41;NÃO;NÃO;RAFAELA;house;60
AT13;A;T;13;597.02;NÃO;NÃO;RAFAELA;house;60
AT12;A;T;12;567.34;NÃO;NÃO;RAFAELA;house;60
AT11;A;T;11;575.48;NÃO;NÃO;RAFAELA;house;60
AT10;A;T;10;592.71;NÃO;NÃO;RAFAELA;house;60
AT09;A;T;9;583.32;SIM;NÃO;RAFAELA;house;60
AT08;A;T;8;825.4;NÃO;NÃO;RAFAELA;house;60
AT07;A;T;7;807.24;NÃO;NÃO;RAFAELA;house;60
AT05/06;A;T;05/jun;1382.68;NÃO;NÃO;RAFAELA;house;60
AT04;A;T;4;708.22;SIM;NÃO;RAFAELA;house;60
AT03;A;T;3;647.04;SIM;NÃO;RAFAELA;house;60
AT02;A;T;2;704.73;NÃO;NÃO;RAFAELA;house;60
AT01;A;T;1;1621.4;NÃO;NÃO;RAFAELA;house;60
AS31;A;S;31;1151.56;NÃO;NÃO;RAFAELA;house;60
AS30;A;S;30;603.5;NÃO;NÃO;RAFAELA;house;60
AS29;A;S;29;577.18;NÃO;NÃO;RAFAELA;house;60
AS28;A;S;28;585.33;NÃO;NÃO;RAFAELA;house;60
AS27;A;S;27;570.22;SIM;NÃO;RAFAELA;house;60
AS26;A;S;26;584.68;SIM;NÃO;RAFAELA;house;60
AS25;A;S;25;584.29;SIM;NÃO;RAFAELA;house;60
AS24;A;S;24;573.49;NÃO;SIM;RAFAELA;house;60
AS23;A;S;23;580.53;NÃO;NÃO;RAFAELA;house;60
AS22;A;S;22;575.56;NÃO;NÃO;RAFAELA;house;60
AS21;A;S;21;550.39;NÃO;NÃO;RAFAELA;house;60
AS20;A;S;20;590.37;NÃO;NÃO;RAFAELA;house;60
AS19;A;S;19;572.52;SIM;NÃO;RAFAELA;house;60
AS18;A;S;18;572.2;NÃO;NÃO;RAFAELA;house;60
AS17;A;S;17;644.28;NÃO;NÃO;RAFAELA;house;60
AS16B;A;S;16B;674.46;NÃO;NÃO;RAFAELA;house;60
AS16A;A;S;16A;568.81;SIM;NÃO;RAFAELA;house;60
AS15;A;S;15;584.06;NÃO;NÃO;RAFAELA;house;60
AS14;A;S;14;586.39;SIM;NÃO;RAFAELA;house;60
AS13;A;S;13;556.73;SIM;NÃO;RAFAELA;house;60
AS12;A;S;12;582.28;SIM;NÃO;RAFAELA;house;60
AS11;A;S;11;561.09;NÃO;NÃO;RAFAELA;house;60
AS10;A;S;10;578.96;NÃO;NÃO;RAFAELA;house;60
AS09;A;S;9;573.72;NÃO;NÃO;RAFAELA;house;60
AS08;A;S;8;576.31;NÃO;NÃO;RAFAELA;house;60
AS07;A;S;7;579.89;NÃO;NÃO;RAFAELA;house;60
AS06;A;S;6;567.27;NÃO;NÃO;RAFAELA;house;60
AS05;A;S;5;588.44;NÃO;NÃO;RAFAELA;house;60
AS04;A;S;4;581.6;NÃO;NÃO;RAFAELA;house;60
AS03;A;S;3;576.83;NÃO;NÃO;RAFAELA;house;60
AS02;A;S;2;584.79;NÃO;NÃO;RAFAELA;house;60
AS01;A;S;1;653.55;SIM;NÃO;RAFAELA;house;60
AR30;A;R;30;639.58;NÃO;NÃO;RAFAELA;house;60
AR29;A;R;29;563.18;NÃO;NÃO;RAFAELA;house;60
AR28;A;R;28;602.62;NÃO;NÃO;RAFAELA;house;60
AR27;A;R;27;572.61;SIM;NÃO;RAFAELA;house;60
AR26;A;R;26;578.66;SIM;NÃO;RAFAELA;house;60
AR25;A;R;25;557.7;NÃO;NÃO;RAFAELA;house;60
AR24;A;R;24;573.8;NÃO;NÃO;RAFAELA;house;60
AR23;A;R;23;583.59;SIM;NÃO;RAFAELA;house;60
AR22;A;R;22;571.85;NÃO;NÃO;RAFAELA;house;60
AR21B;A;R;21B;300.34;NÃO;NÃO;RAFAELA;house;60
AR21A;A;R;21A;288.49;NÃO;NÃO;RAFAELA;house;60
AR20;A;R;20;573.15;NÃO;NÃO;RAFAELA;house;60
AR19;A;R;19;628.69;SIM;NÃO;RAFAELA;house;60
AR18;A;R;18;477.67;NÃO;NÃO;RAFAELA;house;60
AR17;A;R;17;661.94;NÃO;NÃO;RAFAELA;house;60
AR16;A;R;16;593.58;NÃO;NÃO;RAFAELA;house;60
AR15;A;R;15;598.57;SIM;NÃO;RAFAELA;house;60
AR14;A;R;14;539.92;NÃO;NÃO;RAFAELA;house;60
AR13;A;R;13;580.59;NÃO;NÃO;RAFAELA;house;60
AR12;A;R;12;567.53;NÃO;NÃO;RAFAELA;house;60
AR11;A;R;11;567.86;NÃO;NÃO;RAFAELA;house;60
AR10;A;R;10;552.43;NÃO;NÃO;RAFAELA;house;60
AR09;A;R;9;585.8;NÃO;NÃO;RAFAELA;house;60
AR07/08;A;R;07/ago;2071.84;NÃO;NÃO;RAFAELA;house;60
AR06;A;R;6;1096.83;NÃO;NÃO;RAFAELA;house;60
AR05;A;R;5;1310.6;NÃO;NÃO;RAFAELA;house;60
AR04;A;R;4;913.22;NÃO;NÃO;RAFAELA;house;60
AR03;A;R;3;883.97;SIM;NÃO;RAFAELA;house;60
AR02A;A;R;02A;396.65;NÃO;NÃO;RAFAELA;house;60
AR02;A;R;2;341.04;NÃO;NÃO;RAFAELA;house;60
AR01;A;R;1;812.17;NÃO;NÃO;RAFAELA;house;60
AQ39;A;Q;39;923.17;NÃO;NÃO;RAFAELA;house;60
AQ38;A;Q;38;587.11;NÃO;NÃO;RAFAELA;house;60
AQ37;A;Q;37;580.65;NÃO;NÃO;RAFAELA;house;60
AQ36;A;Q;36;587.87;NÃO;NÃO;RAFAELA;house;60
AQ35;A;Q;35;588.95;NÃO;NÃO;RAFAELA;house;60
AQ34;A;Q;34;591.46;SIM;NÃO;RAFAELA;house;60
AQ33;A;Q;33;587.35;NÃO;NÃO;RAFAELA;house;60
AQ32;A;Q;32;586.98;SIM;NÃO;RAFAELA;house;60
AQ31;A;Q;31;582.3;SIM;NÃO;RAFAELA;house;60
AQ30;A;Q;30;588.11;NÃO;NÃO;RAFAELA;house;60
AQ29;A;Q;29;599.78;NÃO;NÃO;RAFAELA;house;60
AQ28;A;Q;28;578.19;SIM;NÃO;RAFAELA;house;60
AQ27;A;Q;27;588.61;SIM;NÃO;RAFAELA;house;60
AQ26;A;Q;26;580.94;NÃO;NÃO;RAFAELA;house;60
AQ25;A;Q;25;579.02;NÃO;NÃO;RAFAELA;house;60
AQ24;A;Q;24;584.71;NÃO;NÃO;RAFAELA;house;60
AQ23;A;Q;23;574.05;NÃO;NÃO;RAFAELA;house;60
AQ22;A;Q;22;570.05;NÃO;NÃO;RAFAELA;house;60
AQ21;A;Q;21;655.3;NÃO;NÃO;RAFAELA;house;60
AQ20;A;Q;20;1066.78;NÃO;NÃO;RAFAELA;house;60
AQ19;A;Q;19;572;NÃO;NÃO;RAFAELA;house;60
AQ18;A;Q;18;580.04;SIM;NÃO;RAFAELA;house;60
AQ17;A;Q;17;578.7;NÃO;NÃO;RAFAELA;house;60
AQ16;A;Q;16;572.5;NÃO;NÃO;RAFAELA;house;60
AQ15;A;Q;15;572.92;NÃO;NÃO;RAFAELA;house;60
AQ14;A;Q;14;577.36;NÃO;NÃO;RAFAELA;house;60
AQ13C;A;Q;13C;184.19;NÃO;NÃO;RAFAELA;house;60
AQ13B;A;Q;13B;183.47;NÃO;NÃO;RAFAELA;house;60
AQ13A;A;Q;13A;201.24;NÃO;NÃO;RAFAELA;house;60
AQ12;A;Q;12;567.32;NÃO;NÃO;RAFAELA;house;60
AQ11;A;Q;11;569.15;NÃO;NÃO;RAFAELA;house;60
AQ10;A;Q;10;554.54;SIM;NÃO;RAFAELA;house;60
AQ09;A;Q;9;578.42;NÃO;NÃO;RAFAELA;house;60
AQ08;A;Q;8;565.35;NÃO;NÃO;RAFAELA;house;60
AQ07;A;Q;7;566.94;NÃO;NÃO;RAFAELA;house;60
AQ06;A;Q;6;571.03;NÃO;NÃO;RAFAELA;house;60
AQ05;A;Q;5;579.76;SIM;NÃO;RAFAELA;house;60
AQ04;A;Q;4;566.09;NÃO;NÃO;RAFAELA;house;60
AQ03;A;Q;3;567.42;NÃO;NÃO;RAFAELA;house;60
AQ02;A;Q;2;568.06;NÃO;NÃO;RAFAELA;house;60
AQ01;A;Q;1;657.68;NÃO;NÃO;RAFAELA;house;60
AP47;A;P;47;650.15;SIM;NÃO;RAFAELA;house;60
AP46;A;P;46;555.73;NÃO;NÃO;RAFAELA;house;60
AP45;A;P;45;570.34;NÃO;NÃO;RAFAELA;house;60
AP44;A;P;44;570.22;NÃO;NÃO;RAFAELA;house;60
AP43;A;P;43;568.6;NÃO;NÃO;RAFAELA;house;60
AP42;A;P;42;590.22;SIM;NÃO;RAFAELA;house;60
AP41;A;P;41;569;NÃO;NÃO;RAFAELA;house;60
AP40;A;P;40;569.81;NÃO;NÃO;RAFAELA;house;60
AP39;A;P;39;560.52;NÃO;NÃO;RAFAELA;house;60
AP38;A;P;38;543.06;NÃO;NÃO;RAFAELA;house;60
AP37;A;P;37;581.07;NÃO;NÃO;RAFAELA;house;60
AP36;A;P;36;579.48;SIM;NÃO;RAFAELA;house;60
AP35;A;P;35;555.85;NÃO;NÃO;RAFAELA;house;60
AP34;A;P;34;587.34;NÃO;NÃO;RAFAELA;house;60
AP33;A;P;33;566.32;NÃO;NÃO;RAFAELA;house;60
AP32;A;P;32;559.86;NÃO;NÃO;RAFAELA;house;60
AP31;A;P;31;561.94;NÃO;NÃO;RAFAELA;house;60
AP30;A;P;30;583.54;NÃO;NÃO;RAFAELA;house;60
AP29;A;P;29;578.24;NÃO;NÃO;RAFAELA;house;60
AP28;A;P;28;575.59;SIM;NÃO;RAFAELA;house;60
AP27;A;P;27;589.22;SIM;NÃO;RAFAELA;house;60
AP26;A;P;26;591.6;NÃO;NÃO;RAFAELA;house;60
AP25;A;P;25;713.15;NÃO;NÃO;RAFAELA;house;60
AP24;A;P;24;503.45;NÃO;NÃO;RAFAELA;house;60
AP23;A;P;23;669.42;NÃO;NÃO;RAFAELA;house;60
AP22;A;P;22;576.17;SIM;NÃO;RAFAELA;house;60
AP21;A;P;21;590.41;NÃO;NÃO;RAFAELA;house;60
AP20;A;P;20;568.97;NÃO;NÃO;RAFAELA;house;60
AP19;A;P;19;578.2;NÃO;NÃO;RAFAELA;house;60
AP18;A;P;18;584.18;SIM;NÃO;RAFAELA;house;60
AP17;A;P;17;571.18;NÃO;NÃO;RAFAELA;house;60
AP16;A;P;16;592.31;NÃO;NÃO;RAFAELA;house;60
AP15;A;P;15;605;NÃO;NÃO;RAFAELA;house;60
AP14;A;P;14;556.33;SIM;NÃO;RAFAELA;house;60
AP13;A;P;13;583.49;SIM;NÃO;RAFAELA;house;60
AP12;A;P;12;586.03;SIM;NÃO;RAFAELA;house;60
AP11;A;P;11;558.88;NÃO;NÃO;RAFAELA;house;60
AP10;A;P;10;581.42;NÃO;NÃO;RAFAELA;house;60
AP09;A;P;9;572;NÃO;NÃO;RAFAELA;house;60
AP08;A;P;8;589.55;NÃO;NÃO;RAFAELA;house;60
AP07;A;P;7;577.14;SIM;NÃO;RAFAELA;house;60
AP06;A;P;6;572.92;SIM;NÃO;RAFAELA;house;60
AP05;A;P;5;572.48;SIM;NÃO;RAFAELA;house;60
AP04;A;P;4;577.99;SIM;NÃO;RAFAELA;house;60
AP03;A;P;3;581.05;NÃO;NÃO;RAFAELA;house;60
AP02;A;P;2;562.36;SIM;NÃO;RAFAELA;house;60
AP01;A;P;1;756.78;NÃO;NÃO;RAFAELA;house;60
AO41;A;O;41;738.39;NÃO;NÃO;RAFAELA;house;60
AO40;A;O;40;561.2;SIM;NÃO;RAFAELA;house;60
AO39;A;O;39;583.69;SIM;NÃO;RAFAELA;house;60
AO38;A;O;38;559.73;NÃO;NÃO;RAFAELA;house;60
AO37;A;O;37;571.81;SIM;NÃO;RAFAELA;house;60
AO36;A;O;36;555.38;NÃO;NÃO;RAFAELA;house;60
AO35;A;O;35;555.25;SIM;NÃO;RAFAELA;house;60
AO34;A;O;34;568.46;SIM;NÃO;RAFAELA;house;60
AO33;A;O;33;573.48;NÃO;NÃO;RAFAELA;house;60
AO32;A;O;32;559.66;NÃO;NÃO;RAFAELA;house;60
AO31;A;O;31;567.98;NÃO;NÃO;RAFAELA;house;60
AO30;A;O;30;557.77;SIM;NÃO;RAFAELA;house;60
AO29;A;O;29;559.14;NÃO;NÃO;RAFAELA;house;60
AO28;A;O;28;579.65;NÃO;NÃO;RAFAELA;house;60
AO27;A;O;27;554.19;NÃO;NÃO;RAFAELA;house;60
AO26;A;O;26;571.9;SIM;NÃO;RAFAELA;house;60
AO25;A;O;25;565.98;NÃO;NÃO;RAFAELA;house;60
AO24;A;O;24;572.23;NÃO;NÃO;RAFAELA;house;60
AO23;A;O;23;570.93;NÃO;NÃO;RAFAELA;house;60
AO22;A;O;22;639.95;NÃO;NÃO;RAFAELA;house;60
AO21;A;O;21;864.11;NÃO;NÃO;RAFAELA;house;60
AO20;A;O;20;586.14;NÃO;NÃO;RAFAELA;house;60
AO19;A;O;19;574.8;NÃO;NÃO;RAFAELA;house;60
AO18;A;O;18;577.77;NÃO;NÃO;RAFAELA;house;60
AO17;A;O;17;566.75;NÃO;NÃO;RAFAELA;house;60
AO16;A;O;16;591.95;NÃO;NÃO;RAFAELA;house;60
AO15;A;O;15;581.65;SIM;NÃO;RAFAELA;house;60
AO14;A;O;14;564.79;NÃO;NÃO;RAFAELA;house;60
AO13;A;O;13;574.94;NÃO;NÃO;RAFAELA;house;60
AO12;A;O;12;585.26;NÃO;NÃO;RAFAELA;house;60
AO11;A;O;11;569.44;NÃO;NÃO;RAFAELA;house;60
AO10;A;O;10;591.33;SIM;NÃO;RAFAELA;house;60
AO09;A;O;9;576.38;SIM;NÃO;RAFAELA;house;60
AO08;A;O;8;568.32;SIM;NÃO;RAFAELA;house;60
AO07;A;O;7;588.62;NÃO;NÃO;RAFAELA;house;60
AO06;A;O;6;573.15;SIM;NÃO;RAFAELA;house;60
AO05;A;O;5;573.66;SIM;NÃO;RAFAELA;house;60
AO04;A;O;4;579.24;NÃO;NÃO;RAFAELA;house;60
AO03;A;O;3;579.37;SIM;NÃO;RAFAELA;house;60
AO02;A;O;2;578.34;NÃO;NÃO;RAFAELA;house;60
AO01;A;O;1;663.9;NÃO;NÃO;RAFAELA;house;60
AN48;A;N;48;659.66;NÃO;NÃO;RAFAELA;house;60
AN47;A;N;47;587.13;NÃO;NÃO;RAFAELA;house;60
AN46;A;N;46;577.38;NÃO;NÃO;RAFAELA;house;60
AN45;A;N;45;561.32;SIM;NÃO;RAFAELA;house;60
AN44;A;N;44;570.92;NÃO;NÃO;RAFAELA;house;60
AN43;A;N;43;583.99;NÃO;NÃO;RAFAELA;house;60
AN42;A;N;42;573.44;NÃO;NÃO;RAFAELA;house;60
AN41;A;N;41;540.12;NÃO;NÃO;RAFAELA;house;60
AN40;A;N;40;587.15;NÃO;NÃO;RAFAELA;house;60
AN39;A;N;39;558.13;NÃO;NÃO;RAFAELA;house;60
AN37/38;A;N;37/38;1156.03;SIM;NÃO;RAFAELA;house;60
AN36;A;N;36;571.08;NÃO;NÃO;RAFAELA;house;60
AN35;A;N;35;574.23;SIM;NÃO;RAFAELA;house;60
AN34;A;N;34;550.35;SIM;NÃO;RAFAELA;house;60
AN33;A;N;33;579.86;NÃO;NÃO;RAFAELA;house;60
AN32;A;N;32;572.82;SIM;NÃO;RAFAELA;house;60
AN31;A;N;31;567.45;NÃO;NÃO;RAFAELA;house;60
AN30;A;N;30;581.23;NÃO;NÃO;RAFAELA;house;60
AN29;A;N;29;562.88;NÃO;NÃO;RAFAELA;house;60
AN28;A;N;28;570.78;NÃO;NÃO;RAFAELA;house;60
AN27;A;N;27;599.81;NÃO;NÃO;RAFAELA;house;60
AN26;A;N;26;560.92;NÃO;NÃO;RAFAELA;house;60
AN25B;A;N;25B;470.43;NÃO;NÃO;RAFAELA;house;60
AN25A;A;N;25A;505.05;NÃO;NÃO;RAFAELA;house;60
AN24;A;N;24;621.5;NÃO;NÃO;RAFAELA;house;60
AN23;A;N;23;586.41;NÃO;NÃO;RAFAELA;house;60
AN22B;A;N;22B;299.55;NÃO;NÃO;RAFAELA;house;60
AN22A;A;N;22A;286.71;NÃO;NÃO;RAFAELA;house;60
AN21;A;N;21;556.76;NÃO;NÃO;RAFAELA;house;60
AN20;A;N;20;581.78;SIM;NÃO;RAFAELA;house;60
AN19;A;N;19;568.72;SIM;NÃO;RAFAELA;house;60
AN18;A;N;18;581.88;NÃO;NÃO;RAFAELA;house;60
AN17;A;N;17;566.14;NÃO;NÃO;RAFAELA;house;60
AN16;A;N;16;583.18;SIM;NÃO;RAFAELA;house;60
AN15;A;N;15;567.24;SIM;NÃO;RAFAELA;house;60
AN14;A;N;14;595.09;NÃO;NÃO;RAFAELA;house;60
AN13;A;N;13;570;NÃO;NÃO;RAFAELA;house;60
AN12;A;N;12;588.65;SIM;NÃO;RAFAELA;house;60
AN11;A;N;11;607.34;SIM;NÃO;RAFAELA;house;60
AN10;A;N;10;558.79;NÃO;NÃO;RAFAELA;house;60
AN09;A;N;9;581.09;NÃO;NÃO;RAFAELA;house;60
AN08;A;N;8;577.97;SIM;NÃO;RAFAELA;house;60
AN07;A;N;7;553.19;NÃO;NÃO;RAFAELA;house;60
AN06;A;N;6;593.1;NÃO;NÃO;RAFAELA;house;60
AN05;A;N;5;572.06;NÃO;NÃO;RAFAELA;house;60
AN04;A;N;4;574.4;NÃO;NÃO;RAFAELA;house;60
AN03;A;N;3;616.63;NÃO;NÃO;RAFAELA;house;60
AN02;A;N;2;544.67;NÃO;NÃO;RAFAELA;house;60
AN01;A;N;1;614.36;NÃO;NÃO;RAFAELA;house;60
AM41;A;M;41;1125.72;NÃO;NÃO;RAFAELA;house;60
AM40;A;M;40;567.36;NÃO;NÃO;RAFAELA;house;60
AM39;A;M;39;591.54;NÃO;NÃO;RAFAELA;house;60
AM38;A;M;38;573.87;NÃO;NÃO;RAFAELA;house;60
AM36/37;A;M;36/37;1161.34;NÃO;SIM;RAFAELA;house;60
AM35;A;M;35;586.96;NÃO;NÃO;RAFAELA;house;60
AM34;A;M;34;565.53;SIM;NÃO;RAFAELA;house;60
AM33;A;M;33;577.09;NÃO;NÃO;RAFAELA;house;60
AM32;A;M;32;580.36;NÃO;NÃO;RAFAELA;house;60
AM31;A;M;31;575.56;NÃO;NÃO;RAFAELA;house;60
AM30;A;M;30;584.59;NÃO;NÃO;RAFAELA;house;60
AM29;A;M;29;580.41;SIM;NÃO;RAFAELA;house;60
AM28;A;M;28;571.19;NÃO;NÃO;RAFAELA;house;60
AM27;A;M;27;579.26;NÃO;NÃO;RAFAELA;house;60
AM26;A;M;26;584.5;NÃO;NÃO;RAFAELA;house;60
AM25B;A;M;25B;292.98;NÃO;NÃO;RAFAELA;house;60
AM25A;A;M;25A;295.33;NÃO;NÃO;RAFAELA;house;60
AM24;A;M;24;581.82;NÃO;NÃO;RAFAELA;house;60
AM23;A;M;23;575.38;NÃO;NÃO;RAFAELA;house;60
AM22;A;M;22;654.13;NÃO;NÃO;RAFAELA;house;60
AM19/20/21;A;M;19/20/21;2403.77;SIM;NÃO;RAFAELA;house;60
AM18;A;M;18;580.55;NÃO;NÃO;RAFAELA;house;60
AM17;A;M;17;562.47;NÃO;NÃO;RAFAELA;house;60
AM16;A;M;16;576.94;NÃO;NÃO;RAFAELA;house;60
AM15;A;M;15;574.8;NÃO;NÃO;RAFAELA;house;60
AM14;A;M;14;572.92;SIM;NÃO;RAFAELA;house;60
AM13;A;M;13;569.77;NÃO;NÃO;RAFAELA;house;60
AM12;A;M;12;577.88;NÃO;NÃO;RAFAELA;house;60
AM11;A;M;11;580.07;NÃO;SIM;RAFAELA;house;60
AM10;A;M;10;562.96;NÃO;NÃO;RAFAELA;house;60
AM09;A;M;9;582.45;NÃO;NÃO;RAFAELA;house;60
AM08;A;M;8;574.31;SIM;NÃO;RAFAELA;house;60
AM07;A;M;7;565.06;NÃO;NÃO;RAFAELA;house;60
AM06;A;M;6;564.83;SIM;NÃO;RAFAELA;house;60
AM05;A;M;5;566.63;NÃO;NÃO;RAFAELA;house;60
AM04;A;M;4;569.83;NÃO;SIM;RAFAELA;house;60
AM03;A;M;3;577.19;NÃO;NÃO;RAFAELA;house;60
AM02;A;M;2;561.82;NÃO;NÃO;RAFAELA;house;60
AM01;A;M;1;670.55;NÃO;NÃO;RAFAELA;house;60
AL49;A;L;49;663.71;NÃO;NÃO;RAFAELA;house;60
AL48;A;L;48;572.56;NÃO;NÃO;RAFAELA;house;60
AL47;A;L;47;583.55;NÃO;NÃO;RAFAELA;house;60
AL46;A;L;46;571.86;NÃO;NÃO;RAFAELA;house;60
AL45;A;L;45;571.38;NÃO;NÃO;RAFAELA;house;60
AL44;A;L;44;572.64;NÃO;NÃO;RAFAELA;house;60
AL43;A;L;43;570.69;SIM;NÃO;RAFAELA;house;60
AL42;A;L;42;578.2;SIM;NÃO;RAFAELA;house;60
AL41;A;L;41;569.69;SIM;NÃO;RAFAELA;house;60
AL40;A;L;40;565.51;NÃO;NÃO;RAFAELA;house;60
AL39;A;L;39;585.28;NÃO;NÃO;RAFAELA;house;60
AL38;A;L;38;560.28;SIM;NÃO;RAFAELA;house;60
AL37;A;L;37;581.44;NÃO;NÃO;RAFAELA;house;60
AL36;A;L;36;558.91;SIM;NÃO;RAFAELA;house;60
AL35;A;L;35;575.52;NÃO;NÃO;RAFAELA;house;60
AL34;A;L;34;573.78;NÃO;NÃO;RAFAELA;house;60
AL33;A;L;33;565.37;SIM;NÃO;RAFAELA;house;60
AL32;A;L;32;579.24;SIM;NÃO;RAFAELA;house;60
AL31;A;L;31;556.64;SIM;NÃO;RAFAELA;house;60
AL30;A;L;30;566.57;SIM;NÃO;RAFAELA;house;60
AL29;A;L;29;560.85;NÃO;NÃO;RAFAELA;house;60
AL28;A;L;28;560.05;SIM;NÃO;RAFAELA;house;60
AL27;A;L;27;542.96;NÃO;NÃO;RAFAELA;house;60
AL26;A;L;26;625.66;NÃO;NÃO;RAFAELA;house;60
AL25;A;L;25;786.51;SIM;NÃO;RAFAELA;house;60
AL24;A;L;24;687.49;NÃO;NÃO;RAFAELA;house;60
AL23;A;L;23;575.52;NÃO;NÃO;RAFAELA;house;60
AL22;A;L;22;563.52;NÃO;NÃO;RAFAELA;house;60
AL21;A;L;21;585.5;NÃO;NÃO;RAFAELA;house;60
AL20;A;L;20;581.51;NÃO;NÃO;RAFAELA;house;60
AL19;A;L;19;580.86;NÃO;NÃO;RAFAELA;house;60
AL18;A;L;18;581.05;NÃO;NÃO;RAFAELA;house;60
AL17;A;L;17;588.81;NÃO;NÃO;RAFAELA;house;60
AL16-2;A;L;16/fev;294.75;NÃO;NÃO;RAFAELA;house;60
AL16-1;A;L;16/jan;276.23;NÃO;NÃO;RAFAELA;house;60
AL15;A;L;15;573.08;NÃO;NÃO;RAFAELA;house;60
AL14;A;L;14;584.33;NÃO;NÃO;RAFAELA;house;60
AL13;A;L;13;578.92;NÃO;SIM;RAFAELA;house;60
AL12;A;L;12;579.78;NÃO;NÃO;RAFAELA;house;60
AL11;A;L;11;591.79;NÃO;NÃO;RAFAELA;house;60
AL10;A;L;10;582.18;NÃO;NÃO;RAFAELA;house;60
AL09;A;L;9;589.46;NÃO;NÃO;RAFAELA;house;60
AL08;A;L;8;577.93;NÃO;NÃO;RAFAELA;house;60
AL07;A;L;7;599.07;NÃO;NÃO;RAFAELA;house;60
AL06;A;L;6;570.17;NÃO;NÃO;RAFAELA;house;60
AL05B;A;L;05B;311.47;NÃO;NÃO;RAFAELA;house;60
AL05A;A;L;05A;280.63;NÃO;NÃO;RAFAELA;house;60
AL04;A;L;4;572.37;NÃO;NÃO;RAFAELA;house;60
AL03;A;L;3;579.51;NÃO;NÃO;RAFAELA;house;60
AL02;A;L;2;579.19;SIM;NÃO;RAFAELA;house;60
AL01;A;L;1;1090.2;SIM;NÃO;RAFAELA;house;60
AK43;A;K;43;930.47;NÃO;NÃO;RAFAELA;house;60
AK42;A;K;42;564.69;SIM;NÃO;RAFAELA;house;60
AK41;A;K;41;565.97;SIM;NÃO;RAFAELA;house;60
AK39/40;A;K;39/40;1168.41;NÃO;NÃO;RAFAELA;house;60
AK38;A;K;38;564.87;SIM;NÃO;RAFAELA;house;60
AK37;A;K;37;584.69;NÃO;NÃO;RAFAELA;house;60
AK36;A;K;36;584.27;NÃO;NÃO;RAFAELA;house;60
AK35;A;K;35;569.89;SIM;NÃO;RAFAELA;house;60
AK34;A;K;34;584.56;NÃO;NÃO;RAFAELA;house;60
AK33;A;K;33;577.85;NÃO;NÃO;RAFAELA;house;60
AK32;A;K;32;570.61;NÃO;NÃO;RAFAELA;house;60
AK31;A;K;31;571.62;SIM;NÃO;RAFAELA;house;60
AK30;A;K;30;572.17;SIM;NÃO;RAFAELA;house;60
AK29;A;K;29;588.87;NÃO;NÃO;RAFAELA;house;60
AK28;A;K;28;566.75;NÃO;NÃO;RAFAELA;house;60
AK27;A;K;27;577.45;SIM;NÃO;RAFAELA;house;60
AK26;A;K;26;571.77;NÃO;NÃO;RAFAELA;house;60
AK25;A;K;25;576.38;NÃO;NÃO;RAFAELA;house;60
AK24;A;K;24;582.28;NÃO;NÃO;RAFAELA;house;60
AK23;A;K;23;639.91;NÃO;NÃO;RAFAELA;house;60
AK22;A;K;22;1089.05;SIM;NÃO;RAFAELA;house;60
AK21;A;K;21;588.25;SIM;NÃO;RAFAELA;house;60
AK20;A;K;20;583.32;NÃO;NÃO;RAFAELA;house;60
AK19;A;K;19;601.21;NÃO;NÃO;RAFAELA;house;60
AK18;A;K;18;576.67;NÃO;NÃO;RAFAELA;house;60
AK17;A;K;17;584.67;NÃO;NÃO;RAFAELA;house;60
AK16;A;K;16;576.87;NÃO;NÃO;RAFAELA;house;60
AK15;A;K;15;588.34;NÃO;NÃO;RAFAELA;house;60
AK14;A;K;14;565.56;NÃO;NÃO;RAFAELA;house;60
AK13;A;K;13;577.46;NÃO;NÃO;RAFAELA;house;60
AK12;A;K;12;570.65;NÃO;NÃO;RAFAELA;house;60
AK11;A;K;11;579.29;NÃO;NÃO;RAFAELA;house;60
AK10;A;K;10;571.84;NÃO;NÃO;RAFAELA;house;60
AK09;A;K;9;573.85;SIM;NÃO;RAFAELA;house;60
AK08;A;K;8;577.09;NÃO;NÃO;RAFAELA;house;60
AK07;A;K;7;576.06;NÃO;NÃO;RAFAELA;house;60
AK06;A;K;6;565.38;NÃO;NÃO;RAFAELA;house;60
AK05;A;K;5;567.13;NÃO;NÃO;RAFAELA;house;60
AK04;A;K;4;573.89;NÃO;NÃO;RAFAELA;house;60
AK03;A;K;3;559.11;NÃO;NÃO;RAFAELA;house;60
AK02;A;K;2;574;NÃO;NÃO;RAFAELA;house;60
AK01;A;K;1;629.24;NÃO;NÃO;RAFAELA;house;60
AJ51;A;J;51;652.35;SIM;NÃO;RAFAELA;house;60
AJ50;A;J;50;572.08;NÃO;NÃO;RAFAELA;house;60
AJ49;A;J;49;583.52;NÃO;NÃO;RAFAELA;house;60
AJ48;A;J;48;578.95;NÃO;NÃO;RAFAELA;house;60
AJ47;A;J;47;577.56;SIM;NÃO;RAFAELA;house;60
AJ46;A;J;46;582.69;NÃO;NÃO;RAFAELA;house;60
AJ45;A;J;45;576.27;NÃO;NÃO;RAFAELA;house;60
AJ44;A;J;44;559.1;NÃO;SIM;RAFAELA;house;60
AJ43;A;J;43;591.94;NÃO;NÃO;RAFAELA;house;60
AJ42;A;J;42;585;NÃO;NÃO;RAFAELA;house;60
AJ41;A;J;41;580.3;NÃO;NÃO;RAFAELA;house;60
AJ40;A;J;40;557.95;NÃO;NÃO;RAFAELA;house;60
AJ39;A;J;39;584.83;NÃO;NÃO;RAFAELA;house;60
AJ38;A;J;38;574.76;NÃO;NÃO;RAFAELA;house;60
AJ37;A;J;37;577.8;NÃO;NÃO;RAFAELA;house;60
AJ36;A;J;36;571;SIM;NÃO;RAFAELA;house;60
AJ35;A;J;35;560.01;NÃO;NÃO;RAFAELA;house;60
AJ34;A;J;34;586.58;NÃO;NÃO;RAFAELA;house;60
AJ33;A;J;33;563.52;NÃO;NÃO;RAFAELA;house;60
AJ32;A;J;32;568.74;NÃO;NÃO;RAFAELA;house;60
AJ31;A;J;31;576.83;NÃO;NÃO;RAFAELA;house;60
AJ30;A;J;30;587.23;NÃO;NÃO;RAFAELA;house;60
AJ29;A;J;29;574.69;NÃO;NÃO;RAFAELA;house;60
AJ28B;A;J;28B;293.18;NÃO;NÃO;RAFAELA;house;60
AJ28;A;J;28;276.79;NÃO;NÃO;RAFAELA;house;60
AJ27;A;J;27;584.7;NÃO;NÃO;RAFAELA;house;60
AJ26;A;J;26;672.42;NÃO;NÃO;RAFAELA;house;60
AJ25;A;J;25;651;NÃO;NÃO;RAFAELA;house;60
AJ23/24;A;J;23/24;574.76;NÃO;NÃO;RAFAELA;house;60
AJ22;A;J;22;583.9;NÃO;NÃO;RAFAELA;house;60
AJ21;A;J;21;564.3;NÃO;NÃO;RAFAELA;house;60
AJ19/20;A;J;19/20;1151.71;NÃO;NÃO;RAFAELA;house;60
AJ18;A;J;18;556.08;NÃO;NÃO;RAFAELA;house;60
AJ17;A;J;17;570.93;NÃO;NÃO;RAFAELA;house;60
AJ16;A;J;16;570.84;SIM;NÃO;RAFAELA;house;60
AJ15;A;J;15;581.31;SIM;NÃO;RAFAELA;house;60
AJ14;A;J;14;567.01;NÃO;NÃO;RAFAELA;house;60
AJ13;A;J;13;587.59;NÃO;NÃO;RAFAELA;house;60
AJ12;A;J;12;573.35;NÃO;NÃO;RAFAELA;house;60
AJ11;A;J;11;552.06;SIM;NÃO;RAFAELA;house;60
AJ10;A;J;10;578.45;NÃO;NÃO;RAFAELA;house;60
AJ09;A;J;9;570.1;NÃO;NÃO;RAFAELA;house;60
AJ08;A;J;8;560.62;NÃO;NÃO;RAFAELA;house;60
AJ07;A;J;7;571.34;NÃO;NÃO;RAFAELA;house;60
AJ06;A;J;6;566.58;NÃO;NÃO;RAFAELA;house;60
AJ05;A;J;5;583.33;NÃO;NÃO;RAFAELA;house;60
AJ04;A;J;4;560.23;NÃO;NÃO;RAFAELA;house;60
AJ03;A;J;3;570.93;NÃO;NÃO;RAFAELA;house;60
AJ02;A;J;2;566.7;NÃO;NÃO;RAFAELA;house;60
AJ01;A;J;1;879.61;NÃO;NÃO;RAFAELA;house;60
AI50;A;I;50;985.54;NÃO;NÃO;RAFAELA;house;60
AI49;A;I;49;586.49;SIM;NÃO;RAFAELA;house;60
AI48;A;I;48;570.61;NÃO;NÃO;RAFAELA;house;60
AI47;A;I;47;576.57;SIM;NÃO;RAFAELA;house;60
AI46;A;I;46;566.18;SIM;NÃO;RAFAELA;house;60
AI45;A;I;45;579.06;NÃO;NÃO;RAFAELA;house;60
AI44;A;I;44;570.47;NÃO;NÃO;RAFAELA;house;60
AI43;A;I;43;562.63;NÃO;NÃO;RAFAELA;house;60
AI42;A;I;42;570.33;SIM;NÃO;RAFAELA;house;60
AI41;A;I;41;573.58;NÃO;NÃO;RAFAELA;house;60
AI40;A;I;40;583.68;NÃO;NÃO;RAFAELA;house;60
AI39;A;I;39;584.53;NÃO;NÃO;RAFAELA;house;60
AI38;A;I;38;576.98;NÃO;NÃO;RAFAELA;house;60
AI37;A;I;37;558.32;NÃO;NÃO;RAFAELA;house;60
AI36;A;I;36;572.86;NÃO;NÃO;RAFAELA;house;60
AI35;A;I;35;569.54;NÃO;NÃO;RAFAELA;house;60
AI34;A;I;34;573.85;SIM;NÃO;RAFAELA;house;60
AI33;A;I;33;579.17;SIM;NÃO;RAFAELA;house;60
AI32;A;I;32;570.27;NÃO;NÃO;RAFAELA;house;60
AI31;A;I;31;569.25;NÃO;NÃO;RAFAELA;house;60
AI30;A;I;30;572.13;NÃO;NÃO;RAFAELA;house;60
AI29;A;I;29;583.49;NÃO;NÃO;RAFAELA;house;60
AI28;A;I;28;565.06;NÃO;NÃO;RAFAELA;house;60
AI27;A;I;27;562.52;NÃO;NÃO;RAFAELA;house;60
AI26;A;I;26;945.7;SIM;NÃO;RAFAELA;house;60
AI25;A;I;25;846.18;NÃO;NÃO;RAFAELA;house;60
AI24;A;I;24;568.13;NÃO;NÃO;RAFAELA;house;60
AI23;A;I;23;572.78;NÃO;NÃO;RAFAELA;house;60
AI22;A;I;22;569.09;NÃO;NÃO;RAFAELA;house;60
AI21;A;I;21;574.98;NÃO;NÃO;RAFAELA;house;60
AI20;A;I;20;574.82;NÃO;NÃO;RAFAELA;house;60
AI19;A;I;19;574.65;SIM;NÃO;RAFAELA;house;60
AI18;A;I;18;574.97;NÃO;NÃO;RAFAELA;house;60
AI17;A;I;17;584.59;NÃO;NÃO;RAFAELA;house;60
AI16;A;I;16;562.85;SIM;NÃO;RAFAELA;house;60
AI15;A;I;15;579.4;NÃO;NÃO;RAFAELA;house;60
AI14;A;I;14;571.68;NÃO;NÃO;RAFAELA;house;60
AI13;A;I;13;569.89;NÃO;NÃO;RAFAELA;house;60
AI12;A;I;12;565.8;NÃO;NÃO;RAFAELA;house;60
AI11;A;I;11;578.52;NÃO;NÃO;RAFAELA;house;60
AI10;A;I;10;575.64;NÃO;NÃO;RAFAELA;house;60
AI09;A;I;9;581.12;NÃO;NÃO;RAFAELA;house;60
AI08;A;I;8;573.24;NÃO;NÃO;RAFAELA;house;60
AI07;A;I;7;578.18;NÃO;NÃO;RAFAELA;house;60
AI06;A;I;6;567.54;NÃO;NÃO;RAFAELA;house;60
AI05;A;I;5;574.13;NÃO;NÃO;RAFAELA;house;60
AI04;A;I;4;578.5;NÃO;NÃO;RAFAELA;house;60
AI03;A;I;3;569.56;NÃO;NÃO;RAFAELA;house;60
AI02;A;I;2;569.48;NÃO;NÃO;RAFAELA;house;60
AI01;A;I;1;927.91;NÃO;NÃO;RAFAELA;house;60
AH41;A;H;41;1011.86;SIM;NÃO;RAFAELA;house;60
AH40;A;H;40;571.99;SIM;NÃO;RAFAELA;house;60
AH39;A;H;39;579.24;NÃO;NÃO;RAFAELA;house;60
AH38;A;H;38;575.97;NÃO;NÃO;RAFAELA;house;60
AH37;A;H;37;569.85;NÃO;NÃO;RAFAELA;house;60
AH36;A;H;36;572.22;NÃO;NÃO;RAFAELA;house;60
AH35;A;H;35;580;SIM;NÃO;RAFAELA;house;60
AH34;A;H;34;571.6;NÃO;NÃO;RAFAELA;house;60
AH33;A;H;33;588.03;NÃO;NÃO;RAFAELA;house;60
AH32;A;H;32;576.94;SIM;NÃO;RAFAELA;house;60
AH31;A;H;31;576.22;NÃO;NÃO;RAFAELA;house;60
AH30;A;H;30;578.1;SIM;NÃO;RAFAELA;house;60
AH29;A;H;29;575.56;NÃO;NÃO;RAFAELA;house;60
AH28;A;H;28;585.94;NÃO;NÃO;RAFAELA;house;60
AH27;A;H;27;569.02;NÃO;NÃO;RAFAELA;house;60
AH26;A;H;26;573.56;NÃO;NÃO;RAFAELA;house;60
AH25;A;H;25;582.49;NÃO;NÃO;RAFAELA;house;60
AH24;A;H;24;574.47;SIM;NÃO;RAFAELA;house;60
AH23A;A;H;23A;273.6;SIM;NÃO;RAFAELA;house;60
AH23;A;H;23;306.13;SIM;NÃO;RAFAELA;house;60
AH22;A;H;22;588.31;NÃO;NÃO;RAFAELA;house;60
AH21;A;H;21;917.41;SIM;NÃO;RAFAELA;house;60
AH20;A;H;20;735.73;NÃO;NÃO;RAFAELA;house;60
AH19;A;H;19;584.02;NÃO;NÃO;RAFAELA;house;60
AH18;A;H;18;590.71;SIM;NÃO;RAFAELA;house;60
AH17;A;H;17;580.22;NÃO;NÃO;RAFAELA;house;60
AH16;A;H;16;585.61;NÃO;NÃO;RAFAELA;house;60
AH15;A;H;15;580.72;NÃO;NÃO;RAFAELA;house;60
AH14;A;H;14;578;NÃO;NÃO;RAFAELA;house;60
AH13;A;H;13;577.06;NÃO;NÃO;RAFAELA;house;60
AH12;A;H;12;573.72;NÃO;NÃO;RAFAELA;house;60
AH11;A;H;11;576.78;NÃO;NÃO;RAFAELA;house;60
AH10;A;H;10;586.9;NÃO;NÃO;RAFAELA;house;60
AH09;A;H;9;580.88;NÃO;NÃO;RAFAELA;house;60
AH08;A;H;8;574.7;NÃO;NÃO;RAFAELA;house;60
AH07;A;H;7;586.49;NÃO;NÃO;RAFAELA;house;60
AH06;A;H;6;579.63;SIM;NÃO;RAFAELA;house;60
AH05;A;H;5;578.33;SIM;NÃO;RAFAELA;house;60
AH04;A;H;4;574.13;NÃO;NÃO;RAFAELA;house;60
AH03;A;H;3;591.82;NÃO;NÃO;RAFAELA;house;60
AH02;A;H;2;574.73;SIM;NÃO;RAFAELA;house;60
AH01;A;H;1;604.68;NÃO;NÃO;RAFAELA;house;60
AG39;A;G;39;815.53;NÃO;SIM;RAFAELA;house;60
AG38;A;G;38;595.28;NÃO;NÃO;RAFAELA;house;60
AG37;A;G;37;573.46;NÃO;NÃO;RAFAELA;house;60
AG36;A;G;36;584.52;NÃO;NÃO;RAFAELA;house;60
AG35;A;G;35;577.54;NÃO;NÃO;RAFAELA;house;60
AG34;A;G;34;566.88;NÃO;NÃO;RAFAELA;house;60
AG33;A;G;33;588.76;NÃO;NÃO;RAFAELA;house;60
AG32;A;G;32;573.64;NÃO;NÃO;RAFAELA;house;60
AG31;A;G;31;573.85;NÃO;NÃO;RAFAELA;house;60
AG30;A;G;30;566.86;NÃO;SIM;RAFAELA;house;60
AG29;A;G;29;566.62;NÃO;NÃO;RAFAELA;house;60
AG28;A;G;28;568.56;NÃO;NÃO;RAFAELA;house;60
AG27;A;G;27;573.75;SIM;NÃO;RAFAELA;house;60
AG26;A;G;26;575.29;NÃO;SIM;RAFAELA;house;60
AG25;A;G;25;571.86;NÃO;NÃO;RAFAELA;house;60
AG24;A;G;24;565.2;NÃO;NÃO;RAFAELA;house;60
AG23;A;G;23;582.77;NÃO;NÃO;RAFAELA;house;60
AG22;A;G;22;565.87;NÃO;NÃO;RAFAELA;house;60
AG21;A;G;21;886.84;NÃO;NÃO;RAFAELA;house;60
AG20;A;G;20;679.97;NÃO;NÃO;RAFAELA;house;60
AG19;A;G;19;564.84;NÃO;NÃO;RAFAELA;house;60
AG18;A;G;18;567.77;SIM;NÃO;RAFAELA;house;60
AG17B;A;G;17B;353.14;NÃO;NÃO;RAFAELA;house;60
AG17A;A;G;17A;232.19;NÃO;NÃO;RAFAELA;house;60
AG16;A;G;16;566.32;NÃO;NÃO;RAFAELA;house;60
AG15;A;G;15;565.51;NÃO;NÃO;RAFAELA;house;60
AG14;A;G;14;576.42;NÃO;NÃO;RAFAELA;house;60
AG13;A;G;13;586.14;NÃO;NÃO;RAFAELA;house;60
AG12;A;G;12;573.91;NÃO;NÃO;RAFAELA;house;60
AG11;A;G;11;572.62;NÃO;NÃO;RAFAELA;house;60
AG10;A;G;10;583.92;NÃO;NÃO;RAFAELA;house;60
AG09;A;G;9;585.75;SIM;NÃO;RAFAELA;house;60
AG08;A;G;8;585.73;SIM;NÃO;RAFAELA;house;60
AG07;A;G;7;577.24;SIM;NÃO;RAFAELA;house;60
AG06;A;G;6;577.38;NÃO;NÃO;RAFAELA;house;60
AG05;A;G;5;587.68;SIM;NÃO;RAFAELA;house;60
AG04;A;G;4;589.76;SIM;NÃO;RAFAELA;house;60
AG03;A;G;3;571.21;NÃO;NÃO;RAFAELA;house;60
AG02;A;G;2;594.39;SIM;NÃO;RAFAELA;house;60
AG01;A;G;1;1202.28;SIM;NÃO;RAFAELA;house;60
AF49;A;F;49;919.81;SIM;NÃO;RAFAELA;house;60
AF48;A;F;48;584.39;NÃO;NÃO;RAFAELA;house;60
AF47;A;F;47;568.03;NÃO;NÃO;RAFAELA;house;60
AF46;A;F;46;577.27;SIM;NÃO;RAFAELA;house;60
AF45;A;F;45;582.56;NÃO;NÃO;RAFAELA;house;60
AF44;A;F;44;576.33;SIM;NÃO;RAFAELA;house;60
AF43;A;F;43;569.47;NÃO;NÃO;RAFAELA;house;60
AF42;A;F;42;580.28;NÃO;NÃO;RAFAELA;house;60
AF41;A;F;41;559.92;SIM;NÃO;RAFAELA;house;60
AF40;A;F;40;570.28;SIM;NÃO;RAFAELA;house;60
AF39;A;F;39;576.28;NÃO;NÃO;RAFAELA;house;60
AF38;A;F;38;573.64;NÃO;NÃO;RAFAELA;house;60
AF37;A;F;37;573.46;SIM;NÃO;RAFAELA;house;60
AF36;A;F;36;567.56;SIM;NÃO;RAFAELA;house;60
AF35;A;F;35;570.76;SIM;NÃO;RAFAELA;house;60
AF34;A;F;34;575.53;NÃO;NÃO;RAFAELA;house;60
AF33;A;F;33;576.26;NÃO;NÃO;RAFAELA;house;60
AF32;A;F;32;568.1;NÃO;NÃO;RAFAELA;house;60
AF31;A;F;31;569.76;SIM;NÃO;RAFAELA;house;60
AF30;A;F;30;558.39;SIM;NÃO;RAFAELA;house;60
AF29;A;F;29;562.34;NÃO;NÃO;RAFAELA;house;60
AF28;A;F;28;563.05;NÃO;NÃO;RAFAELA;house;60
AF27;A;F;27;822.71;NÃO;NÃO;RAFAELA;house;60
AF26;A;F;26;682.26;SIM;NÃO;RAFAELA;house;60
AF25;A;F;25;576.66;NÃO;NÃO;RAFAELA;house;60
AF24;A;F;24;571.02;NÃO;NÃO;RAFAELA;house;60
AF23;A;F;23;577.58;SIM;NÃO;RAFAELA;house;60
AF22;A;F;22;580.81;NÃO;NÃO;RAFAELA;house;60
AF21;A;F;21;579.37;NÃO;NÃO;RAFAELA;house;60
AF20;A;F;20;577.07;NÃO;NÃO;RAFAELA;house;60
AF19B;A;F;19B;303.18;NÃO;NÃO;RAFAELA;house;60
AF19A;A;F;19A;280.18;NÃO;NÃO;RAFAELA;house;60
AF18;A;F;18;568.07;NÃO;NÃO;RAFAELA;house;60
AF17;A;F;17;567.87;NÃO;NÃO;RAFAELA;house;60
AF16;A;F;16;585.2;NÃO;NÃO;RAFAELA;house;60
AF15;A;F;15;576.39;NÃO;NÃO;RAFAELA;house;60
AF14;A;F;14;583.22;NÃO;NÃO;RAFAELA;house;60
AF13;A;F;13;585.28;NÃO;NÃO;RAFAELA;house;60
AF12;A;F;12;563.8;NÃO;NÃO;RAFAELA;house;60
AF11;A;F;11;575.42;SIM;NÃO;RAFAELA;house;60
AF10;A;F;10;576.01;NÃO;NÃO;RAFAELA;house;60
AF09;A;F;9;581.19;NÃO;NÃO;RAFAELA;house;60
AF08;A;F;8;566.1;NÃO;NÃO;RAFAELA;house;60
AF07;A;F;7;559.58;SIM;NÃO;RAFAELA;house;60
AF06;A;F;6;598.67;NÃO;NÃO;RAFAELA;house;60
AF05;A;F;5;560.56;NÃO;NÃO;RAFAELA;house;60
AF04;A;F;4;574.94;NÃO;SIM;RAFAELA;house;60
AF03;A;F;3;575.98;SIM;NÃO;RAFAELA;house;60
AF02;A;F;2;578.62;SIM;NÃO;RAFAELA;house;60
AF01;A;F;1;932.13;SIM;NÃO;RAFAELA;house;60
AE20;A;E;20;844.06;NÃO;NÃO;LAURA;house;60
AE19;A;E;19;934.5;NÃO;NÃO;LAURA;house;60
AE18;A;E;18;928.88;NÃO;NÃO;LAURA;house;60
AE17;A;E;17;1006.57;SIM;NÃO;LAURA;house;60
AE16;A;E;16;580.01;NÃO;NÃO;LAURA;house;60
AE15;A;E;15;579.31;NÃO;NÃO;LAURA;house;60
AE13/14;A;E;13/14;1148.03;NÃO;NÃO;LAURA;house;60
AE12A;A;E;12;261.56;NÃO;NÃO;LAURA;house;60
AE12;A;E;12;303.78;NÃO;NÃO;LAURA;house;60
AE11;A;E;11;949.07;NÃO;NÃO;LAURA;house;60
AE10;A;E;10;915.64;NÃO;NÃO;LAURA;house;60
AE09;A;E;9;554.76;NÃO;NÃO;LAURA;house;60
AE08;A;E;8;567.48;NÃO;NÃO;LAURA;house;60
AE07;A;E;7;574.12;NÃO;NÃO;LAURA;house;60
AE06;A;E;6;578.94;NÃO;NÃO;LAURA;house;60
AE05;A;E;5;570.58;NÃO;NÃO;LAURA;house;60
AE04;A;E;4;574.56;SIM;NÃO;LAURA;house;60
AE03;A;E;3;563.06;NÃO;NÃO;LAURA;house;60
AE02;A;E;2;579.86;SIM;NÃO;LAURA;house;60
AE01;A;E;1;1128.76;NÃO;NÃO;LAURA;house;60
AD31;A;D;31;905.99;SIM;NÃO;LAURA;house;60
AD30;A;D;30;567.43;NÃO;SIM;LAURA;house;60
AD29;A;D;29;586.07;NÃO;NÃO;LAURA;house;60
AD28;A;D;28;578.09;NÃO;NÃO;LAURA;house;60
AD27;A;D;27;571.97;NÃO;NÃO;LAURA;house;60
AD26;A;D;26;581.45;NÃO;NÃO;LAURA;house;60
AD25;A;D;25;562.47;SIM;NÃO;LAURA;house;60
AD24;A;D;24;583.94;NÃO;NÃO;LAURA;house;60
AD23;A;D;23;560.15;NÃO;NÃO;LAURA;house;60
AD22;A;D;22;590.73;NÃO;NÃO;LAURA;house;60
AD21;A;D;21;568.41;NÃO;NÃO;LAURA;house;60
AD20;A;D;20;579.13;NÃO;NÃO;LAURA;house;60
AD19;A;D;19;578.3;NÃO;NÃO;LAURA;house;60
AD18B;A;D;18B;530.56;NÃO;NÃO;LAURA;house;60
AD18A;A;D;18A;401.92;NÃO;NÃO;LAURA;house;60
AD17;A;D;17;1161.11;NÃO;SIM;LAURA;house;60
AD16;A;D;16;575.99;NÃO;NÃO;LAURA;house;60
AD15;A;D;15;563.16;NÃO;NÃO;LAURA;house;60
AD14;A;D;14;565.31;NÃO;NÃO;LAURA;house;60
AD13;A;D;13;567.79;NÃO;NÃO;LAURA;house;60
AD12;A;D;12;577.61;NÃO;NÃO;LAURA;house;60
AD11;A;D;11;563.16;SIM;NÃO;LAURA;house;60
AD10;A;D;10;570.01;NÃO;NÃO;LAURA;house;60
AD09;A;D;9;565.59;NÃO;NÃO;LAURA;house;60
AD08;A;D;8;564.75;NÃO;NÃO;LAURA;house;60
AD07;A;D;7;570.63;NÃO;NÃO;LAURA;house;60
AD06;A;D;6;580.29;SIM;NÃO;LAURA;house;60
AD05;A;D;5;570.29;NÃO;NÃO;LAURA;house;60
AD04B;A;D;04B;284.15;NÃO;NÃO;LAURA;house;60
AD04A;A;D;04A;286.75;NÃO;NÃO;LAURA;house;60
AD03;A;D;3;566.75;SIM;NÃO;LAURA;house;60
AD02;A;D;2;561.59;NÃO;NÃO;LAURA;house;60
AD01;A;D;1;1085.61;NÃO;NÃO;LAURA;house;60
ACOMA22;A;COMA;22;191.5;NÃO;NÃO;LAURA;commercial;60
ACOMA21;A;COMA;21;196.09;NÃO;NÃO;LAURA;commercial;60
ACOMA20;A;COMA;20;186.95;NÃO;NÃO;LAURA;commercial;60
ACOMA19;A;COMA;19;220.34;NÃO;NÃO;LAURA;commercial;60
ACOMA18;A;COMA;18;175.76;NÃO;NÃO;LAURA;commercial;60
ACOMA17;A;COMA;17;181.64;NÃO;NÃO;LAURA;commercial;60
ACOMA16;A;COMA;16;183.76;NÃO;NÃO;LAURA;commercial;60
ACOMA15;A;COMA;15;178.62;NÃO;NÃO;LAURA;commercial;60
ACOMA14;A;COMA;14;158.18;NÃO;NÃO;LAURA;commercial;60
ACOMA13;A;COMA;13;194.15;NÃO;NÃO;LAURA;commercial;60
ACOMA12;A;COMA;12;200.08;NÃO;NÃO;LAURA;commercial;60
ACOMA11;A;COMA;11;175.18;NÃO;NÃO;LAURA;commercial;60
ACOMA10;A;COMA;10;164.31;NÃO;NÃO;LAURA;commercial;60
ACOMA09;A;COMA;9;178.61;NÃO;NÃO;LAURA;commercial;60
ACOMA08;A;COMA;8;176.7;NÃO;NÃO;LAURA;commercial;60
ACOMA07;A;COMA;7;169.64;NÃO;NÃO;LAURA;commercial;60
ACOMA06;A;COMA;6;184.89;NÃO;NÃO;LAURA;commercial;60
ACOMA05;A;COMA;5;165.04;NÃO;NÃO;LAURA;commercial;60
ACOMA04;A;COMA;4;175.35;NÃO;NÃO;LAURA;commercial;60
ACOMA03;A;COMA;3;170.82;NÃO;NÃO;LAURA;commercial;60
ACOMA02;A;COMA;2;128.7;NÃO;NÃO;LAURA;commercial;60
ACOMA01;A;COMA;1;217.66;NÃO;NÃO;LAURA;commercial;60
ACHB30;A;CHB;30;1665.86;NÃO;NÃO;LAURA;house;60
ACHB29;A;CHB;29;1522.88;NÃO;NÃO;LAURA;house;60
ACHB28;A;CHB;28;1955.38;SIM;NÃO;LAURA;house;60
ACHB27;A;CHB;27;1811.74;NÃO;NÃO;LAURA;house;60
ACHB26;A;CHB;26;1904.42;SIM;NÃO;LAURA;house;60
ACHB25;A;CHB;25;2123;NÃO;NÃO;LAURA;house;60
ACHB24;A;CHB;24;2604.8;NÃO;SIM;LAURA;house;60
ACHB23;A;CHB;23;2375.7;NÃO;SIM;LAURA;house;60
ACHB22;A;CHB;22;1872.94;NÃO;SIM;LAURA;house;60
ACHB21;A;CHB;21;1971.01;NÃO;SIM;LAURA;house;60
ACHB20;A;CHB;20;1768.62;NÃO;SIM;LAURA;house;60
ACHB19;A;CHB;19;1704.51;NÃO;SIM;LAURA;house;60
ACHB18;A;CHB;18;1770.4;SIM;NÃO;LAURA;house;60
ACHB17;A;CHB;17;1663.44;NÃO;SIM;LAURA;house;60
ACHB16;A;CHB;16;1673.75;NÃO;NÃO;LAURA;house;60
ACHB15;A;CHB;15;1660.05;NÃO;NÃO;LAURA;house;60
ACHB14;A;CHB;14;1541.04;NÃO;NÃO;LAURA;house;60
ACHB13;A;CHB;13;1585.15;NÃO;NÃO;LAURA;house;60
ACHB12;A;CHB;12;1508.5;NÃO;NÃO;LAURA;house;60
ACHB11;A;CHB;11;1502.26;NÃO;NÃO;LAURA;house;60
ACHB10;A;CHB;10;1553.49;NÃO;NÃO;LAURA;house;60
ACHB09;A;CHB;9;1610;NÃO;NÃO;LAURA;house;60
ACHB08;A;CHB;8;1587.85;NÃO;NÃO;LAURA;house;60
ACHB07;A;CHB;7;1619.39;NÃO;SIM;LAURA;house;60
ACHB06;A;CHB;6;1774.75;NÃO;NÃO;LAURA;house;60
ACHB05;A;CHB;5;1550.85;SIM;NÃO;LAURA;house;60
ACHB04;A;CHB;4;1702.77;SIM;NÃO;LAURA;house;60
ACHB03;A;CHB;3;1607.73;NÃO;NÃO;LAURA;house;60
ACHB02;A;CHB;2;1838.83;NÃO;NÃO;LAURA;house;60
ACHB01;A;CHB;1;2219.53;NÃO;NÃO;LAURA;house;60
ACHA26;A;CHA;26;1351.26;SIM;NÃO;LAURA;house;60
ACHA25;A;CHA;25;1057.1;NÃO;SIM;LAURA;house;60
ACHA24;A;CHA;24;1042.44;NÃO;NÃO;LAURA;house;60
ACHA23;A;CHA;23;1053.02;NÃO;SIM;LAURA;house;60
ACHA22;A;CHA;22;1151.42;NÃO;NÃO;LAURA;house;60
ACHA21;A;CHA;21;747.42;SIM;NÃO;LAURA;house;60
ACHA20;A;CHA;20;2673.33;NÃO;NÃO;LAURA;house;60
ACHA19;A;CHA;19;1440.52;SIM;NÃO;LAURA;house;60
ACHA18;A;CHA;18;1049.49;NÃO;NÃO;LAURA;house;60
ACHA17;A;CHA;17;2161.13;NÃO;NÃO;LAURA;house;60
ACHA16;A;CHA;16;1601.3;NÃO;SIM;LAURA;house;60
ACHA15;A;CHA;15;1029.83;NÃO;SIM;LAURA;house;60
ACHA14;A;CHA;14;969.2;NÃO;NÃO;LAURA;house;60
ACHA13;A;CHA;13;1034.35;NÃO;SIM;LAURA;house;60
ACHA12;A;CHA;12;1100.21;NÃO;SIM;LAURA;house;60
ACHA11;A;CHA;11;1085.63;NÃO;NÃO;LAURA;house;60
ACHA10;A;CHA;10;1013.89;NÃO;NÃO;LAURA;house;60
ACHA09;A;CHA;9;1047.56;NÃO;NÃO;LAURA;house;60
ACHA08;A;CHA;8;1051.61;NÃO;NÃO;LAURA;house;60
ACHA07;A;CHA;7;1041.34;SIM;NÃO;LAURA;house;60
ACHA06;A;CHA;6;1076.12;NÃO;NÃO;LAURA;house;60
ACHA05;A;CHA;5;1023.8;NÃO;NÃO;LAURA;house;60
ACHA04;A;CHA;4;1075.69;SIM;NÃO;LAURA;house;60
ACHA03;A;CHA;3;1050.79;NÃO;NÃO;LAURA;house;60
ACHA02;A;CHA;2;1065.14;NÃO;NÃO;LAURA;house;60
ACHA01;A;CHA;1;1151.03;NÃO;NÃO;LAURA;house;60
AC47;A;C;47;692.3;NÃO;NÃO;LAURA;house;60
AC46;A;C;46;580.52;NÃO;NÃO;LAURA;house;60
AC45;A;C;45;561.66;NÃO;NÃO;LAURA;house;60
AC44;A;C;44;577.23;NÃO;NÃO;LAURA;house;60
AC43;A;C;43;575.24;NÃO;NÃO;LAURA;house;60
AC42;A;C;42;568.23;NÃO;NÃO;LAURA;house;60
AC41;A;C;41;574.57;SIM;NÃO;LAURA;house;60
AC40;A;C;40;577.49;SIM;NÃO;LAURA;house;60
AC38/39;A;C;38/39;1125.39;NÃO;NÃO;LAURA;house;60
AC37;A;C;37;577.87;SIM;NÃO;LAURA;house;60
AC36;A;C;36;573.86;NÃO;NÃO;LAURA;house;60
AC35;A;C;35;567.62;NÃO;NÃO;LAURA;house;60
AC34;A;C;34;576.2;SIM;NÃO;LAURA;house;60
AC33;A;C;33;569.65;SIM;NÃO;LAURA;house;60
AC32;A;C;32;582.76;NÃO;NÃO;LAURA;house;60
AC31;A;C;31;577.94;NÃO;NÃO;LAURA;house;60
AC30;A;C;30;559.08;SIM;NÃO;LAURA;house;60
AC29;A;C;29;585.86;NÃO;NÃO;LAURA;house;60
AC28;A;C;28;578.51;NÃO;NÃO;LAURA;house;60
AC27;A;C;27;569.92;SIM;NÃO;LAURA;house;60
AC26;A;C;26;935.42;NÃO;NÃO;LAURA;house;60
AC25;A;C;25;601.88;NÃO;NÃO;LAURA;house;60
AC24;A;C;24;700.85;NÃO;SIM;LAURA;house;60
AC23;A;C;23;579.74;SIM;NÃO;LAURA;house;60
AC22;A;C;22;557.83;NÃO;NÃO;LAURA;house;60
AC21;A;C;21;576.9;NÃO;NÃO;LAURA;house;60
AC20;A;C;20;581.75;NÃO;NÃO;LAURA;house;60
AC19;A;C;19;567.21;NÃO;NÃO;LAURA;house;60
AC18;A;C;18;574.75;NÃO;NÃO;LAURA;house;60
AC17;A;C;17;573.95;NÃO;NÃO;LAURA;house;60
AC16;A;C;16;575.06;SIM;NÃO;LAURA;house;60
AC15;A;C;15;563.93;NÃO;NÃO;LAURA;house;60
AC13/14;A;C;13/14;1158.23;SIM;NÃO;LAURA;house;60
AC12;A;C;12;571.45;SIM;NÃO;LAURA;house;60
AC11;A;C;11;581.17;SIM;NÃO;LAURA;house;60
AC10;A;C;10;571.93;NÃO;NÃO;LAURA;house;60
AC09;A;C;9;578.69;SIM;NÃO;LAURA;house;60
AC08;A;C;8;582.57;SIM;NÃO;LAURA;house;60
AC07;A;C;7;574.89;NÃO;NÃO;LAURA;house;60
AC06;A;C;6;578.37;SIM;NÃO;LAURA;house;60
AC05;A;C;5;573.14;SIM;NÃO;LAURA;house;60
AC04;A;C;4;584.56;NÃO;NÃO;LAURA;house;60
AC03;A;C;3;595.47;NÃO;NÃO;LAURA;house;60
AC02;A;C;2;578.51;SIM;NÃO;LAURA;house;60
AC01;A;C;1;1084.89;NÃO;NÃO;LAURA;house;60
AB53;A;B;53;928.78;NÃO;NÃO;LAURA;house;60
AB52;A;B;52;532.65;NÃO;NÃO;LAURA;house;60
AB49;A;B;49;575.4;NÃO;NÃO;LAURA;house;60
AB48;A;B;48;568.02;NÃO;NÃO;LAURA;house;60
AB47;A;B;47;564.28;NÃO;NÃO;LAURA;house;60
AB46;A;B;46;590;NÃO;NÃO;LAURA;house;60
AB45;A;B;45;551.41;SIM;NÃO;LAURA;house;60
AB44;A;B;44;583.25;NÃO;NÃO;LAURA;house;60
AB43;A;B;43;558.08;NÃO;NÃO;LAURA;house;60
AB42;A;B;42;555.78;SIM;NÃO;LAURA;house;60
AB41;A;B;41;582.49;NÃO;NÃO;LAURA;house;60
AB40;A;B;40;567.69;NÃO;NÃO;LAURA;house;60
AB39;A;B;39;564.28;NÃO;NÃO;LAURA;house;60
AB38;A;B;38;572.54;NÃO;NÃO;LAURA;house;60
AB37;A;B;37;574.52;NÃO;NÃO;LAURA;house;60
AB36;A;B;36;566.37;NÃO;NÃO;LAURA;house;60
AB35;A;B;35;576;NÃO;NÃO;LAURA;house;60
AB34;A;B;34;563.46;SIM;NÃO;LAURA;house;60
AB33;A;B;33;583.26;SIM;NÃO;LAURA;house;60
AB32;A;B;32;577.61;NÃO;NÃO;LAURA;house;60
AB31;A;B;31;568.17;SIM;NÃO;LAURA;house;60
AB30;A;B;30;595.24;NÃO;NÃO;LAURA;house;60
AB29;A;B;29;546.67;NÃO;NÃO;LAURA;house;60
AB28;A;B;28;822.22;NÃO;NÃO;LAURA;house;60
AB27;A;B;27;846.93;NÃO;NÃO;LAURA;house;60
AB25/26/50/51;A;B;25/26/50/51;2376.77;SIM;NÃO;LAURA;house;60
AB24;A;B;24;567.47;NÃO;NÃO;LAURA;house;60
AB23;A;B;23;584.56;NÃO;SIM;LAURA;house;60
AB22;A;B;22;572.22;SIM;NÃO;LAURA;house;60
AB21;A;B;21;615.94;SIM;NÃO;LAURA;house;60
AB20;A;B;20;577.49;SIM;NÃO;LAURA;house;60
AB19;A;B;19;580.84;NÃO;NÃO;LAURA;house;60
AB18;A;B;18;572.91;NÃO;NÃO;LAURA;house;60
AB17;A;B;17;568.07;NÃO;SIM;LAURA;house;60
AB16;A;B;16;569.95;NÃO;NÃO;LAURA;house;60
AB15;A;B;15;582.26;SIM;NÃO;LAURA;house;60
AB14;A;B;14;581.79;NÃO;NÃO;LAURA;house;60
AB13;A;B;13;573.09;NÃO;NÃO;LAURA;house;60
AB12;A;B;12;571.61;SIM;NÃO;LAURA;house;60
AB11;A;B;11;575.08;NÃO;NÃO;LAURA;house;60
AB10;A;B;10;568.27;NÃO;NÃO;LAURA;house;60
AB09;A;B;9;576.86;NÃO;NÃO;LAURA;house;60
AB08;A;B;8;569.77;NÃO;NÃO;LAURA;house;60
AB07;A;B;7;578.75;NÃO;NÃO;LAURA;house;60
AB06;A;B;6;566.19;NÃO;NÃO;LAURA;house;60
AB05;A;B;5;585.98;NÃO;NÃO;LAURA;house;60
AB04;A;B;4;573.09;NÃO;NÃO;LAURA;house;60
AB03;A;B;3;595.85;NÃO;NÃO;LAURA;house;60
AB02;A;B;2;563.84;NÃO;NÃO;LAURA;house;60
AB01;A;B;1;727.84;SIM;NÃO;LAURA;house;60
AA15;A;A;15;1006;NÃO;NÃO;LAURA;house;60
AA14;A;A;14;617.23;SIM;NÃO;LAURA;house;60
AA13;A;A;13;615;NÃO;NÃO;LAURA;house;60
AA12;A;A;12;625.95;NÃO;NÃO;LAURA;house;60
AA11;A;A;11;629.53;NÃO;NÃO;LAURA;house;60
AA10;A;A;10;616.15;NÃO;NÃO;LAURA;house;60
AA09;A;A;9;624.37;NÃO;NÃO;LAURA;house;60
AA08;A;A;8;684.88;NÃO;NÃO;LAURA;house;60
AA07;A;A;7;705.21;NÃO;NÃO;LAURA;house;60
AA06;A;A;6;729.05;NÃO;NÃO;LAURA;house;60
AA05;A;A;5;799.24;NÃO;NÃO;LAURA;house;60
AA04;A;A;4;834.18;NÃO;NÃO;LAURA;house;60
AA03;A;A;3;847.89;NÃO;NÃO;LAURA;house;60
AA02;A;A;2;790.34;NÃO;SIM;LAURA;house;60
AA01;A;A;1;1318.37;NÃO;NÃO;LAURA;house;60
